generic_substance_id,chemical_in_category_cas,smiles
NA-01,1309-64-4,[O-2].[O-2].[O-2].[Sb+3].[Sb+3]
NA-01,1345-04-6,S.[Sb]
NA-01,1314-60-9,O=[Sb](=O)O[Sb](=O)=O
NA-01,10025-91-9,Cl[Sb](Cl)Cl
NA-01,7789-61-9,Br[Sb](Br)Br
NA-01,28300-74-5,C(C(C(=O)[O-])[O-])(C(=O)[O-])[O-].C(C(C(=O)[O-])[O-])(C(=O)[O-])[O-].[K+].[K+].[Sb+3].[Sb+3]
NA-01,7783-70-2,F[Sb](F)(F)(F)F
NA-01,6923-52-0,CC(=O)[O-].CC(=O)[O-].CC(=O)[O-].[Sb+3]
NA-01,5965-33-3,C(=O)(C(=O)O[Sb](OC(=O)C(=O)[O-])OC(=O)C(=O)[O-])[O-].[K+].[K+].[K+]
NA-02,98-50-0,C1=CC(=CC=C1N)[As](=O)(O)O
NA-02,1303-28-2,O=[As](=O)O[As](=O)=O
NA-02,1303-33-9,S=[As]S[As]=S
NA-02,7784-34-1,Cl[As](Cl)Cl
NA-02,1327-53-3,[O-2].[O-2].[O-2].[As+3].[As+3]
NA-02,7784-42-1,[AsH3]
NA-02,75-60-5,C[As](=O)(C)O
NA-02,7784-40-9,O[As](=O)([O-])[O-].[Pb+2]
NA-02,144-21-8,C[As](=O)([O-])[O-].[Na+].[Na+]
NA-02,2163-80-6,C[As](=O)([O-])[O-].[Na+].[Na+]
NA-02,7784-41-0,O[As](=O)(O)[O-].[K+]
NA-02,13464-35-2,[O-][As]([O-])[O-].[K+].[K+].[K+]
NA-02,7631-89-2,O[As](=O)([O-])[O-].[Na+].[Na+]
NA-02,7784-46-5,O[As]=O
NA-02,124-65-2,C[As](=O)(C)[O-].[Na+]
NA-03,543-80-6,CC(=O)O
NA-03,513-77-9,C(=O)([O-])[O-].[Ba+2]
NA-03,10361-37-2,[Cl-].[Cl-].[Ba+2]
NA-03,17194-00-2,[OH-].[OH-].[Ba+2]
NA-03,1304-28-5,O=[Ba]
NA-04,543-81-7,[Be+2].CC(=O)[O-].CC(=O)[O-]
NA-04,13106-47-3,[Be+2].C(=O)([O-])[O-]
NA-04,66104-24-3,[Be+2].[Be+2].[Be+2].C(=O)([O-])[O-].C(=O)([O-])[O-].[OH-].[OH-]
NA-04,7787-47-5,[Be+2].[Cl-].[Cl-]
NA-04,13598-15-7,[Be+2].OP(=O)([O-])[O-]
NA-04,13327-32-7,[Be+2].[OH-].[OH-]
NA-04,13597-99-4,[Be+2].[N+](=O)([O-])[O-].[N+](=O)([O-])[O-]
NA-04,19049-40-2,[Be+2].CC(=O)[O-].CC(=O)[O-]
NA-04,63990-88-5,[Be+2].[O-]F.[O-]F
NA-04,13510-49-1,[Be+2].[O-]S(=O)(=O)[O-]
NA-04,13597-95-0,[Be+2].[O-]Cl(=O)(=O)=O.[O-]Cl(=O)(=O)=O
NA-04,7787-56-6,[Be+2].[O-]S(=O)(=O)[O-]
NA-04,542-63-2,[Be+2].C[CH2-].C[CH2-]
NA-04,15721-33-2,[Be+2].C[CH-]C.C[CH-]C
NA-04,506-63-8,[Be+2].[CH3-].[CH3-]
NA-04,64059-26-3,[Be+2].CC(C(=O)[O-])O.CC(C(=O)[O-])O
NA-04,63915-76-4,[Be+2].C(C(C(=O)[O-])[O-])C(=O)[O-].[Na+]
NA-05,1303-96-4,B([O-])([O-])[O-].[Na+]
NA-05,10043-35-3,B(O)(O)O
NA-05,1303-86-2,B(=O)OB=O
NA-05,12069-32-8,B12B3C14B2B43
NA-05,10043-11-5,B#N
NA-05,10294-33-4,B(Br)(Br)Br
NA-05,10294-34-5,B(Cl)(Cl)Cl
NA-05,7637-07-2,B(F)(F)F
NA-06,513-78-0,C(=O)([O-])[O-].[Cd+2]
NA-06,10108-64-2,[Cl-].[Cl-].[Cd+2]
NA-06,1306-19-0,O=[Cd]
NA-06,10124-36-4,[O-]S(=O)(=O)[O-].[Cd+2]
NA-06,1306-23-6,S=[Cd]
NA-07,109-39-7,CCCCCCCCC=CCCCCCCCC(=O)OCCOCCCC
NA-07,110-71-4,COCCOC
NA-07,111-15-9,CCOCCOC(=O)C
NA-07,111-76-2,CCCCOCCO
NA-07,111-77-3,COCCOCCO
NA-07,111-90-0,CCOC(=O)CC(=O)OCC
NA-07,111-96-6,COCCOCCOC
NA-07,112-07-2,CCCCOCCOC(=O)C
NA-07,112-25-4,CCCCCCOCCO
NA-07,112-34-5,CCCCOCCOCCO
NA-07,112-35-6,COCCOCCOCCO
NA-07,112-36-7,CCOCCOCCOCC
NA-07,112-49-2,COCCOCCOCCOC
NA-07,112-50-5,CCOCCOCCOCCO
NA-07,112-59-4,CCCCCCOCCOCCO
NA-07,122-99-6,C1=CC=C(C=C1)OCCO
NA-07,143-22-6,CCCCOCCOCCOCCO
NA-07,1002-67-1,CCOCCOCCOC
NA-07,2370-63-0,CCOCCOC(=O)C(=C)C
NA-07,2807-30-9,CCCOCCO
NA-07,6807-11-0,CC1=CC=C(C=C1)OCCOC(=O)C
NA-07,6881-94-3,CCCOCCOCCO
NA-07,7328-17-8,CCOCCOCCOC(=O)C=C
NA-07,7382-32-3,CCCCOCCOCCOC
NA-07,103-60-6,CC(C)C(=O)OCCOC1=CC=CC=C1
NA-07,14260-98-1,CCCCOCCOP(=O)(O)O
NA-07,19234-20-9,CC(C)OCCOC(=O)C
NA-07,20441-70-7,CCCCCCCCCCCCCCCC(=O)OCCOCCCC
NA-07,23305-64-8,CCCOCCOCCOCCO
NA-07,24493-59-2,CC(=C)C(=O)OCCOCCOCCOC
NA-07,25961-89-1,CCCCCCOCCOCCOCCO
NA-07,27816-23-5,COCCOC(=O)C(=C)C#N
NA-07,39670-09-2,CN1CC(C(CC1C(=O)O)O)O
NA-07,48145-04-6,C=CC(=O)OCCOC1=CC=CC=C1
NA-07,51422-54-9,CCOCCOC(C)(C)C
NA-07,66728-50-5,C1=CC=C2C(=C1)C(=C3C=CC(=CC3=N2)[N+](=O)[O-])NCCCCCCCCNC4=C5C=CC(=CC5=NC6=CC=CC=C64)[N+](=O)[O-]
NA-08,12336-95-7,[OH-].[O-]S(=O)(=O)[O-].[Cr+3]
NA-08,1066-30-4,CC(=O)[O-].CC(=O)[O-].CC(=O)[O-].[Cr+3]
NA-08,10025-73-7,Cl[Cr](Cl)Cl
NA-08,1308-14-1,C(=O)(C(=O)[O-])[O-].[Cr+2]
NA-08,13548-38-4,[N+](=O)([O-])[O-].[N+](=O)([O-])[O-].[N+](=O)([O-])[O-].[Cr+3]
NA-08,1308-38-9,C1=CC=C2C(=C1)C3=C4C(=N2)C5=C(C(=O)C4=NC=C3)NC=CC5=O
NA-08,13537-21-8,[O-]Cl(=O)(=O)=O.[O-]Cl(=O)(=O)=O.[O-]Cl(=O)(=O)=O.[Cr+3]
NA-08,7789-04-0,[O-]P(=O)([O-])[O-].[Cr+3]
NA-08,12018-18-7,[O-][Cr](=O)(=O)[O-].[Ni+2]
NA-08,10141-00-1,[O-]S(=O)(=O)[O-].[O-]S(=O)(=O)[O-].[K+].[Cr+3]
NA-08,7788-98-9,[NH4+].[NH4+].[O-][Cr](=O)(=O)[O-]
NA-08,7789-09-5,[NH4+].[NH4+].[O-][Cr](=O)(=O)O[Cr](=O)(=O)[O-]
NA-08,10294-40-3,[O-][Cr](=O)(=O)[O-].[Ba+2]
NA-08,1344-38-3,
NA-08,13765-19-0,[O-][Cr](=O)(=O)[O-].[Ca+2]
NA-08,14986-48-2,Cl[Cr](Cl)(Cl)(Cl)(Cl)Cl
NA-08,1333-82-0,O=[Cr](=O)=O
NA-08,14977-61-8,[O-2].[O-2].[Cl-].[Cl-].[Cr+6]
NA-08,7758-97-6,[O-][Cr](=O)(=O)[O-].[Pb+2]
NA-08,12656-85-8,[O-]S(=O)(=O)[O-].[O-][Cr](=O)(=O)[O-].[O-][Mo](=O)(=O)[O-].[PbH2+2].[PbH2+2].[PbH2+2]
NA-08,7789-00-6,[O-][Cr](=O)(=O)[O-]
NA-08,7778-50-9,[O-][Cr](=O)(=O)O[Cr](=O)(=O)[O-].[K+].[K+]
NA-08,7775-11-3,[O-][Cr](=O)(=O)[O-].[Na+].[Na+]
NA-08,10588-01-9,[O-][Cr](=O)(=O)O[Cr](=O)(=O)[O-].[Na+].[Na+]
NA-08,7789-06-2,[O-][Cr](=O)(=O)[O-].[Sr+2]
NA-08,13530-65-9,[O-][Cr](=O)(=O)[O-].[Zn+2]
NA-08,11103-86-9,[OH-].[O-][Cr](=O)(=O)[O-].[O-][Cr](=O)(=O)[O-].[K+].[Zn+2].[Zn+2]
NA-08,13007-92-6,[C-]#[O+].[C-]#[O+].[C-]#[O+].[C-]#[O+].[C-]#[O+].[C-]#[O+].[Cr]
NA-08,24613-89-6,[O-][Cr](=O)(=O)[O-].[O-][Cr](=O)(=O)[O-].[O-][Cr](=O)(=O)[O-].[Cr+3].[Cr+3]
NA-08,10049-05-5,Cl[Cr]Cl
NA-08,12018-01-8,O.O.[Cr]
NA-09,71-48-7,CC(=O)[O-].CC(=O)[O-].[Co+2]
NA-09,6147-53-1,CC(=O)[O-].CC(=O)[O-].O.O.O.O.[Co+2]
NA-09,917-69-1,CC(=O)[O-].CC(=O)[O-].CC(=O)[O-].[Co+3]
NA-09,513-79-1,C(=O)([O-])[O-].[Co+2]
NA-09,10210-68-1,[CH-]=O.[CH-]=O.[C-]#[O+].[C-]#[O+].[C-]#[O+].[C-]#[O+].[C-]#[O+].[C-]#[O+].[Co].[Co+2]
NA-09,7646-79-9,Cl[Co]Cl
NA-09,21041-93-0,O.O.[Co]
NA-09,61789-51-3,C1=CC=C2C=C(C=CC2=C1)C(=O)[O-].C1=CC=C2C=C(C=CC2=C1)C(=O)[O-].[Co+2]
NA-09,10141-05-6,[N+](=O)([O-])[O-].[N+](=O)([O-])[O-].[Co+2]
NA-09,10026-22-9,C(CO)N(CCO)CCO
NA-09,1307-96-6,O=[Co]
NA-09,1308-04-1,
NA-09,1308-06-1,O=[Co]
NA-09,10124-43-3,[O-]S(=O)(=O)[O-].[Co+2]
NA-09,10026-24-1,CCN(CCO)CCO
NA-09,1317-42-6,S=[Co]
NA-10,20543-04-8,CCCCCCCC(=O)O
NA-10,10380-28-6,C1=CC2=C(C(=C1)Cl)NC=CC2=O
NA-10,10402-16-1,CCCCCCCCC=CCCCCCCCC(=O)[O-].CCCCCCCCC=CCCCCCCCC(=O)[O-].[Cu+2]
NA-10,814-91-5,C(=O)(C(=O)O)O
NA-10,50376-91-5,CC(O)(P(=O)(O)[O-])P(=O)(O)[O-].[Cu+2]
NA-10,14215-52-2,C(C[O-])N.C(C[O-])N.[Cu+2]
NA-10,13426-91-0,C(CN)N.C(CN)N.[Cu+2]
NA-10,82027-59-6,C(CO)N(CC[O-])CC[O-].[Cu+2]
NA-10,1184-64-1,C(=O)([O-])[O-].[Cu+2]
NA-10,33113-08-5,C(=O)(O)O.N.[Cu+].[Cu+2]
NA-10,1332-40-7,[OH-].[OH-].[OH-].[Cl-].[Cl-].[Cu+2].[Cu+2]
NA-10,10125-13-0,C1CC(OC1)CO
NA-10,1332-65-6,[OH-].[OH-].[OH-].[Cl-].[Cl-].[Cu+2].[Cu+2]
NA-10,8012-69-9,[O-]S(=O)(=O)[O-].O(Cl)Cl.[Cu+2]
NA-10,1317-39-1,O.[Cu].[Cu]
NA-10,12168-20-6,[OH-].[OH-].[O-]S(=O)(=O)[O-].[Fe+2].[Cu+2]
NA-10,7758-99-8,[O-]S(=O)(=O)[O-].[Cu+2]
NA-10,16828-95-8,N.N.N.N.[Cu+2]
NA-10,20427-59-2,O.O.[Cu]
NA-10,3251-23-8,[N+](=O)([O-])[O-].[N+](=O)([O-])[O-].[Cu+2]
NA-10,1317-38-0,O=[Cu]
NA-10,7758-98-7,[O-]S(=O)(=O)[O-].[Cu+2]
NA-11,74-90-8,C#N
NA-11,143-33-9,[C-]#N.[Na+]
NA-11,151-50-8,[C-]#N.[K+]
NA-11,592-01-8,[C-]#N.[C-]#N.[Ca+2]
NA-11,544-92-3,[C-]#N.[Cu+]
NA-11,506-61-6,[C-]#N.[C-]#N.[K+].[Ag+]
NA-11,460-19-5,C(CN)N
NA-11,506-77-4,C(#N)Cl
NA-11,1762-95-4,C(#N)S
NA-12,301-04-2,CC(=O)[O-].CC(=O)[O-].[Pb+2]
NA-12,6080-56-4,CC(=O)[O-].CC(=O)[O-].O.O.O.[Pb+2]
NA-12,7758-95-4,Cl[Pb]Cl
NA-12,10099-74-8,[N+](=O)([O-])[O-].[N+](=O)([O-])[O-].[Pb+2]
NA-12,1335-32-6,CC(=O)[O-].CC(=O)[O-].[OH-].[OH-].[OH-].[OH-].[Pb+2].[Pb+2].[Pb+2]
NA-12,78-00-2,CC[Pb](CC)(CC)CC
NA-12,75-74-1,C[Pb](C)(C)C
NA-13,12108-13-3,CC1=C[CH-]C=C1.[C-]#[O+].[C-]#[O+].[C-]#[O+].[Mn]
NA-13,598-62-9,C(=O)([O-])[O-].[Mn+2]
NA-13,638-38-0,CC(=O)[O-].CC(=O)[O-].[Mn+2]
NA-13,12427-38-2,C(CNC(=S)S)NC(=S)S
NA-13,1344-43-0,O=[Mn]
NA-13,7785-87-7,[O-]S(=O)(=O)[O-].[Mn+2]
NA-13,7782-64-1,F[Mn]F
NA-13,12228-91-0,[B].[O-2].[Mn+2]
NA-13,1320-46-3,C(CO)C(CCO)OP(=O)([O-])[O-].C(C(COP(=O)([O-])[O-])O)O.[Mn+2].[Mn+2]
NA-13,10377-66-9,[N+](=O)([O-])[O-].[N+](=O)([O-])[O-].[Mn+2]
NA-13,1313-13-9,O=[Mn]=O
NA-13,7722-64-7,[O-][Mn](=O)(=O)=O.[K+]
NA-14,7487-94-7,[Hg]
NA-14,10112-91-1,Cl[Hg]
NA-14,21908-53-2,O=[Hg]
NA-14,16056-34-1,C[Hg]
NA-14,7783-39-3,F[Hg]F
NA-14,13967-25-4,[F-].[F-].[Hg+2]
NA-14,7789-47-1,Br[Hg]Br
NA-14,7774-29-0,I[Hg]I
NA-14,10045-94-0,[N+](=O)([O-])[O-].[N+](=O)([O-])[O-].[Hg+2]
NA-14,7783-35-9,[O-]S(=O)(=O)[O-].[Hg+2]
NA-14,10415-75-5,[N+](=O)([O-])[O-].[Hg+]
NA-14,592-85-8,C(#N)[S-].C(#N)[S-].[Hg+2]
NA-14,62-38-4,CC(=O)[O-].C1=CC=C(C=C1)[Hg+]
NA-14,54-64-8,CC[Hg+].C1=CC=C(C(=C1)C(=O)[O-])[S-].[Na+]
NA-15,12054-48-7,O.O.[Ni]
NA-15,1313-99-1,O=[Ni]
NA-15,16812-54-7,S=[Ni]
NA-15,12035-72-2,S=[Ni]
NA-15,3333-67-3,C(=O)([O-])[O-].[Ni+2]
NA-15,12607-70-4,C(=O)([O-])[O-].[Ni+2]
NA-15,373-02-4,CC(=O)[O-].CC(=O)[O-].[Ni+2]
NA-15,6018-89-9,CC(=O)[O-].CC(=O)[O-].[Ni+2]
NA-15,15699-18-0,[NH4+].[NH4+].[O-]S(=O)(=O)[O-].[O-]S(=O)(=O)[O-].[Ni+2]
NA-15,25749-08-0,N.N.OS(=O)(=O)O.OS(=O)(=O)O.OS(=O)(=O)O.[Ni].[Ni]
NA-15,51287-85-5,[NH4+].[NH4+].O.O.O.O.O.O.[O-]S(=O)(=O)[O-].[O-]S(=O)(=O)[O-].[Ni+2]
NA-15,7718-54-9,CC(C)(C(C(=O)O)N)S
NA-15,7791-20-0,C1=CC=C2C=C3C=CC=CC3=CC2=C1
NA-15,13478-00-7,[N+](=O)([O-])[O-].[N+](=O)([O-])[O-].O.O.O.O.O.O.[Ni+2]
NA-15,7786-81-4,[O-]S(=O)(=O)[O-].[Ni+2]
NA-15,10101-97-0,C1C(O1)CO
NA-15,10101-98-1,O.O.O.O.O.O.O.[O-]S(=O)(=O)[O-].[Ni+2]
NA-15,13463-39-3,[C-]#[O+].[C-]#[O+].[C-]#[O+].[C-]#[O+].[Ni]
NA-15,12035-52-8,[Ni]#[Sb]
NA-15,73482-18-5,[Ni+3].[Sb]
NA-15,12125-61-0,[Ni]#[Sb]
NA-15,27016-75-7,[Ni]#[As]
NA-15,12137-13-2,
NA-15,12201-85-3,[Ni+2].[Se-2]
NA-15,12142-88-0,[Ni]=[Te]
NA-15,24270-51-7,[Ni]=[Te]
NA-15,12035-39-1,[O-2].[O-2].[O-2].[Ti+4].[Ni+2]
NA-15,71631-15-7,
NA-15,68187-10-0,
NA-15,1271-28-9,[CH-]1C=CC=C1.[CH-]1C=CC=C1.[Ni+2]
NA-16,27774-13-6,[O-]S(=O)(=O)[O-].O=[V+2]
NA-16,13718-26-8,[O-][V](=O)=O.[Na+]
NA-16,13721-39-6,CC12CCC3C(=CCC4=C3C=CC(=C4)O)C1CCC2=O
NA-16,7803-55-6,N.O[V](=O)=O
NA-16,10580-52-6,Cl[V]Cl
NA-16,1314-34-7,O=[V]O[V]=O
NA-16,7632-51-1,Cl[V](Cl)(Cl)Cl
NA-17,81-81-2,CC(=O)CC(C1=CC=CC=C1)C2=C(C3=CC=CC=C3OC2=O)[O-]
NA-17,129-06-6,CC(=O)CC(C1C(=O)C2=CC=CC=C2OC1=O)C3=CC=CC=C3
NA-17,2084-55-1,
NA-17,2084-56-2,
NA-17,2610-86-8,CC(=O)CC(C1=CC=CC=C1)C2=C(C3=CC=CC=C3OC2=O)[O-].[K+]
NA-17,2784-36-3,
NA-17,5543-79-3,CC(=O)CC(C1=CC=CC=C1)C2=C(C3=CC=CC=C3OC2=O)[O-].[Na+]
NA-17,36508-91-5,CC(=O)CC(C1=CC=CC=C1)C2=C(C3=CC=CC=C3OC2=O)[O-].[Na+]
NA-17,51821-81-9,CC(=O)CC(C1=CC=CC=C1)C2=C(C3=CC=CC=C3OC2=O)O.[Na]
NA-17,67523-2,
NA-18,1314-13-2,O=[Zn]
NA-18,7646-85-7,Cl[Zn]Cl
NA-18,7733-02-0,[O-]S(=O)(=O)[O-].[Zn+2]
NA-18,1314-98-3,S=[Zn]
NA-19,6533-73-9,C(=O)([O-])[O-].[Tl+].[Tl+]
NA-19,7790-30-9,I[Tl]
NA-19,12039-52-0,[Se].[Tl].[Tl]
NA-19,7446-18-6,[O-]S(=O)(=O)[O-].[Tl+].[Tl+]
NA-19,20398-06-5,CC[O-].[Tl+]
NA-19,7789-40-4,Br[Tl]
NA-19,563-68-8,CC(=O)[O-].[Tl+]
NA-19,13453-30-0,[O-]Cl(=O)=O.[Tl+]
NA-19,7791-12-0,Cl[Tl]
NA-19,10102-45-1,[N+](=O)([O-])[O-].[Tl+]
NA-19,1314-32-5,O=[Tl]O[Tl]=O
NA-20,25162-00-9,CN1CCCC1C2=CN=CC=C2
NA-20,22083-74-5,CN1CCCC1C2=CN=CC=C2
NA-20,69980-24-1,CN1CCCC1C2=CN=CC=C2
NA-20,1189681-48-8,CN1CCCC1C2=CN=CC=C2
NA-20,80604-52-0,CN1CCCC1C2=CN=CC=C2
NA-20,909014-86-4,CN1CCCC1C2=CN=CC=C2
NA-20,350818-69-8,CN1CCCC1C2=CN=CC=C2
NA-20,284685-07-0,CN1CCCC1C2=CN=CC=C2
NA-20,5979-92-0,CCN1CCCC1C2=CN=CC=C2
NA-20,86900-39-2,CCN1CCCC1C2=CN=CC=C2
NA-20,1190016-33-1,CC1=CC(=CN=C1)C2CCCN2C
NA-21,7784-27-2,[N+](=O)([O-])[O-].[N+](=O)([O-])[O-].[N+](=O)([O-])[O-].O.O.O.O.O.O.O.O.O.[Al+3]
NA-21,6484-52-2,[NH4+].[N+](=O)([O-])[O-]
NA-21,13083-04-0,N.N.[N+](=O)(O)[O-].[N+](=O)(O)[O-].[N+](=O)([O-])[O-].[N+](=O)([O-])[O-].[N+](=O)([O-])[O-].O.O.O.O.[Ce+3]
NA-21,10139-51-2,[NH4+].[NH4+].[N+](=O)([O-])[O-].[N+](=O)([O-])[O-].[N+](=O)([O-])[O-].[N+](=O)([O-])[O-].[N+](=O)([O-])[O-].[N+](=O)([O-])[O-].[Ce+4]
NA-21,10022-31-8,CC(C)OCCO
NA-21,7787-55-5,[Be+2].[N+](=O)([O-])[O-].[N+](=O)([O-])[O-]
NA-21,10325-94-7,[N+](=O)(O)[O-].[N+](=O)(O)[O-].[Cd+2]
NA-21,10022-68-1,[N+](=O)(O)[O-].[N+](=O)(O)[O-].[Cd+2]
NA-21,10124-37-5,[N+](=O)([O-])[O-].[N+](=O)([O-])[O-].[Ca+2]
NA-21,13477-34-4,[N+](=O)([O-])[O-].[N+](=O)([O-])[O-].[Ca+2]
NA-21,10294-41-4,[N+](=O)([O-])[O-].[N+](=O)([O-])[O-].[N+](=O)([O-])[O-].[Ce+3]
NA-21,7789-18-6,[N+](=O)([O-])[O-].[Cs+]
NA-21,10026-22-9,C(CO)N(CCO)CCO
NA-21,10031-43-3,C(CO)CO
NA-21,13478-38-1,[N+](=O)([O-])[O-].[N+](=O)([O-])[O-].O.O.O.O.O.O.[Cu+2]
NA-21,10031-49-9,[N+](=O)([O-])[O-].[N+](=O)([O-])[O-].[N+](=O)([O-])[O-].[Dy+3]
NA-21,10031-51-3,[N+](=O)([O-])[O-].[N+](=O)([O-])[O-].[N+](=O)([O-])[O-].[Er+3]
NA-21,19598-90-4,[N+](=O)([O-])[O-].[N+](=O)([O-])[O-].[N+](=O)([O-])[O-].[Gd+3]
NA-21,69365-72-6,[N+](=O)([O-])[O-].[N+](=O)([O-])[O-].[N+](=O)([O-])[O-].[Ga+3]
NA-21,7782-61-8,[N+](=O)(O)[O-].[N+](=O)(O)[O-].[N+](=O)(O)[O-].O.O.O.O.O.O.O.O.O.[Fe+3]
NA-21,10277-43-7,[N+](=O)([O-])[O-].[N+](=O)([O-])[O-].[N+](=O)([O-])[O-].[La+3]
NA-21,10099-74-8,[N+](=O)([O-])[O-].[N+](=O)([O-])[O-].[Pb+2]
NA-21,7790-69-4,[Li+].[N+](=O)([O-])[O-]
NA-21,13453-76-4,[Li+].[N+](=O)([O-])[O-].O.O.O
NA-21,15750-45-5,C(CCCNC(=O)O)CCN
NA-21,13446-18-9,[N+](=O)([O-])[O-].[N+](=O)([O-])[O-].O.O.O.O.O.O.[Mg+2]
NA-21,20694-39-7,[N+](=O)([O-])[O-].[N+](=O)([O-])[O-].O.O.O.O.[Mn+2]
NA-21,16454-60-7,[N+](=O)([O-])[O-].[N+](=O)([O-])[O-].[N+](=O)([O-])[O-].O.O.O.O.O.O.[Nd+3]
NA-21,13478-00-7,[N+](=O)([O-])[O-].[N+](=O)([O-])[O-].O.O.O.O.O.O.[Ni+2]
NA-21,7757-79-1,[N+](=O)([O-])[O-].[K+]
NA-21,13465-43-5,[N+](=O)([O-])[O-].[N+](=O)([O-])[O-].[N+](=O)([O-])[O-].[Rh+3]
NA-21,13126-12-0,[N+](=O)([O-])[O-].[Rb+]
NA-21,13465-60-6,[N+](=O)([O-])[O-].[N+](=O)([O-])[O-].[N+](=O)([O-])[O-].[Sc+3]
NA-21,16999-44-3,[N+](=O)([O-])[O-].[N+](=O)([O-])[O-].[N+](=O)([O-])[O-].O.O.O.O.[Sc+3]
NA-21,7761-88-8,[Ag]
NA-21,7631-99-4,[N+](=O)([O-])[O-].[Na+]
NA-21,10042-76-9,CC(C)CCCCCCO
NA-21,13451-19-9,[N+](=O)([O-])[O-].[N+](=O)([O-])[O-].[N+](=O)([O-])[O-].[Tb+3]
NA-21,13823-29-5,[N+](=O)([O-])[O-].[N+](=O)([O-])[O-].[N+](=O)([O-])[O-].[N+](=O)([O-])[O-].[Th+4]
NA-21,13470-07-0,[N+](=O)([O-])[O-].[N+](=O)([O-])[O-].[N+](=O)([O-])[O-].[N+](=O)([O-])[O-].O.O.O.O.[Th+4]
NA-21,13494-98-9,C1=CC(=CC=C1C2=[O+]C3=CC(=CC(=C3C=C2O)O)O)O.[Cl-]
NA-21,13773-69-8,[N+](=O)([O-])[O-].[N+](=O)([O-])[O-].[N+](=O)([O-])[O-].O.O.O.O.[Y+3]
NA-21,131446-84-9,
NA-21,10196-18-6,[N+](=O)([O-])[O-].[N+](=O)([O-])[O-].[Zn+2]
NA-21,13986-27-1,
NA-22,38661-72-2,C1CC(CC(C1)CN=C=O)CN=C=O
NA-22,10347-54-3,C1CC(CCC1CN=C=O)CN=C=O
NA-22,2556-36-7,C(CCCN=C=O)CCN=C=O
NA-22,134190-37-7,CCC1=C(C(=C(C=C1)N=C=O)N=C=O)CC
NA-22,4128-73-8,C1=CC(=CC=C1N=C=O)OC2=CC=C(C=C2)N=C=O
NA-22,75790-87-3,C1=CC=C(C(=C1)N=C=O)SC2=CC=C(C=C2)N=C=O
NA-22,91-93-0,COC1=C(C=CC(=C1)C2=CC(=C(C=C2)N=C=O)OC)N=C=O
NA-22,91-97-4,CC1=C(C=CC(=C1)C2=CC(=C(C=C2)N=C=O)C)N=C=O
NA-22,139-25-3,CC1=C(C=CC(=C1)CC2=CC(=C(C=C2)N=C=O)C)N=C=O
NA-22,822-06-0,C(CCCN=C=O)CCN=C=O
NA-22,4098-71-9,CC1(CC(CC(C1)(C)CN=C=O)N=C=O)C
NA-22,75790-84-0,CC1=C(C=C(C=C1)CC2=CC=C(C=C2)N=C=O)N=C=O
NA-22,5124-30-1,C1CC(CCC1CC2CCC(CC2)N=C=O)N=C=O
NA-22,101-68-8,C1=CC(=CC=C1CC2=CC=C(C=C2)N=C=O)N=C=O
NA-22,3173-72-6,C1=CC2=C(C=CC=C2N=C=O)C(=C1)N=C=O
NA-22,123-61-5,C1=CC(=CC(=C1)N=C=O)N=C=O
NA-22,104-49-4,C1CCC(C1)O
NA-22,9016-87-9,C=O.C1=CC=C(C=C1)N=C=O
NA-22,16938-22-0,CC(CCN=C=O)CC(C)(C)CN=C=O
NA-22,15646-96-5,CC(CC(C)(C)CCN=C=O)CN=C=O
NA-23,1746-01-6,C1=C2C(=CC(=C1Cl)Cl)OC3=CC(=C(C=C3O2)Cl)Cl
NA-23,40321-76-4,C1=C2C(=CC(=C1Cl)Cl)OC3=C(C(=C(C=C3O2)Cl)Cl)Cl
NA-23,39227-28-6,C1=C2C(=CC(=C1Cl)Cl)OC3=C(O2)C(=C(C(=C3Cl)Cl)Cl)Cl
NA-23,57653-85-7,C1=C2C(=C(C(=C1Cl)Cl)Cl)OC3=CC(=C(C(=C3O2)Cl)Cl)Cl
NA-23,19408-74-3,C1=C2C(=C(C(=C1Cl)Cl)Cl)OC3=C(C(=C(C=C3O2)Cl)Cl)Cl
NA-23,35822-46-9,C1=C2C(=C(C(=C1Cl)Cl)Cl)OC3=C(O2)C(=C(C(=C3Cl)Cl)Cl)Cl
NA-23,3268-87-9,C12=C(C(=C(C(=C1Cl)Cl)Cl)Cl)OC3=C(O2)C(=C(C(=C3Cl)Cl)Cl)Cl
NA-23,51207-31-9,C1=C2C3=CC(=C(C=C3OC2=CC(=C1Cl)Cl)Cl)Cl
NA-23,57117-41-6,C1=C2C(=CC(=C1Cl)Cl)OC3=CC(=C(C(=C23)Cl)Cl)Cl
NA-23,57117-31-4,C1=C2C3=CC(=C(C(=C3OC2=CC(=C1Cl)Cl)Cl)Cl)Cl
NA-23,70648-26-9,C1=C2C(=CC(=C1Cl)Cl)OC3=C2C(=C(C(=C3Cl)Cl)Cl)Cl
NA-23,57117-44-9,C1=C2C3=C(C(=C(C=C3OC2=C(C(=C1Cl)Cl)Cl)Cl)Cl)Cl
NA-23,72918-21-9,C1=C2C(=C(C(=C1Cl)Cl)Cl)C3=C(C(=C(C=C3O2)Cl)Cl)Cl
NA-23,60851-34-5,C1=C2C3=CC(=C(C(=C3OC2=C(C(=C1Cl)Cl)Cl)Cl)Cl)Cl
NA-23,67562-39-4,C1=C2C3=C(C(=C(C(=C3Cl)Cl)Cl)Cl)OC2=C(C(=C1Cl)Cl)Cl
NA-23,55673-89-7,C1=C2C(=C(C(=C1Cl)Cl)Cl)C3=C(O2)C(=C(C(=C3Cl)Cl)Cl)Cl
NA-23,39001-02-0,C12=C(C(=C(C(=C1Cl)Cl)Cl)Cl)OC3=C2C(=C(C(=C3Cl)Cl)Cl)Cl
NA-24,509-09-1,C(=O)(C(C(F)(F)F)(F)F)[O-].[Ag+]
NA-24,506-61-6,[C-]#N.[C-]#N.[K+].[Ag+]
NA-24,102492-24-0,CC(C(=O)[O-])O.CC(C(=O)[O-])O.[NH4+].[Ag+]
NA-24,23606-32-8,N.N.[N+](=O)([O-])[O-].[Ag+]
NA-24,14104-20-2,[B-](F)(F)(F)F.[Ag+]
NA-24,20667-12-3,O.[Ag].[Ag]
NA-24,7761-88-8,[Ag]
NA-24,3794-64-7,C(=O)(C(C(C(F)(F)F)(F)F)(F)F)[O-].[Ag+]
NA-24,146-84-9,C1=C(C=C(C(=C1[N+](=O)[O-])[O-])[N+](=O)[O-])[N+](=O)[O-].[Ag+]
NA-24,13092-75-6,C#[C-].[Ag+]
NA-24,7784-08-9,[O-][As]([O-])[O-].[Ag+].[Ag+].[Ag+]
NA-24,13863-88-2,[N-]=[N+]=[N-].[Ag+]
NA-24,506-64-9,[C-]#N.[Ag+]
NA-24,2386-52-9,CS(=O)(=O)[O-].[Ag+]
NA-25,104-40-5,CCCCCCCCCC1=CC=C(C=C1)O
NA-25,11066-49-2,CCCCCCCCCC1=CC(=CC=C1)O
NA-25,25154-52-3,CCCCCCCCCC1=CC=C(C=C1)O
NA-25,26543-97-5,CC(C)CCCCCCC1=CC=C(C=C1)O
NA-25,84852-15-3,CCCCCCCCCC1=CC=C(C=C1)O
NA-26,104-40-5,CCCCCCCCCC1=CC=C(C=C1)O
NA-26,25154-52-3,CCCCCCCCCC1=CC=C(C=C1)O
NA-26,84852-15-3,CCCCCCCCCC1=CC=C(C=C1)O
NA-26,1323-65-5,CCCCCCCCCC1=CC(=C(C=C1)O)CCCCCCCCC
NA-26,26523-78-4,CCCCCCCCCC1=CC=C(C=C1)OP(OC2=CC=C(C=C2)CCCCCCCCC)OC3=CC=C(C=C3)CCCCCCCCC
NA-26,28987-17-9,CCCCCCCCCC1=CC=CC=C1[O-].CCCCCCCCCC1=CC=CC=C1[O-].[Ba+2]
NA-26,68081-86-7,CCCCCCCCCC1=CC=C(C=C1)O
NA-26,68515-89-9,
NA-26,68515-93-5,
NA-26,104-35-8,CCCCCCCCCC1=CC=C(C=C1)OCCO
NA-26,20427-84-3,CCCCCCCCCC1=CC=C(C=C1)OCCOCCO
NA-26,26027-38-3,CCCCCCCCCC1=CC=C(C=C1)OCCO
NA-26,27177-05-5,CCCCCCCCCC1=CC=C(C=C1)OCCOCCOCCOCCOCCOCCOCCOCCO
NA-26,27177-08-8,CCCCCCCCCC1=CC(=CC=C1)OCCCOCCOCCOCCOCCOCCOCCOCCOCCOCO
NA-26,28679-13-2,CCCCCCCCCC1=CC(=CC=C1)OCC
NA-26,27986-36-3,CCCCCCCCCC1=CC=CC=C1OCCO
NA-26,37251-69-7,
NA-26,7311-27-5,CCCCCCCCCC1=CC=C(C=C1)OCCOCCOCCOCCO
NA-26,9016-45-9,CCCCCCCCCC1=CC=C(C=C1)OCCOCCO
NA-26,27176-93-8,CCCCCCCCCC1=CC=C(C=C1)OCCOCCO
NA-26,37340-60-6,
NA-26,51811-79-1,CCCCCCCCCC1=CC=CC=C1OCCO.OP(=O)(O)O
NA-26,51938-25-1,CCCCCCCCCC1=CC=CC=C1OCCO
NA-26,68412-53-3,
NA-26,9051-57-4,CCCCCCCCCC1=CC=C(C=C1)OCCOCCOCCOCCOS(=O)(=O)[O-].[NH4+]
NA-26,37205-87-1,CCOC1=CC=C(C=C1)CCCCCCC(C)C
NA-26,68412-54-4,CCCCCCCCCC1=CC=C(C=C1)OCCOCCO
NA-26,127087-87-0,CCCCCCCCCC1=CC=C(C=C1)OCCO
NA-27,140-66-9,CC(C)(C)CC(C)(C)C1=CC=C(C=C1)O
NA-27,1806-26-4,CCCCCCCCC1=CC=CC=C1O
NA-27,27193-28-8,CC(C)(C)CC(C)(C)C1=CC=C(C=C1)O
NA-27,68987-90-6,CCCCC(CC)CC1=CC=C(C=C1)OCCO
NA-27,9002-93-1,CC(C)(C)CC(C)(C)C1=CC=C(C=C1)OCCO
NA-27,9036-19-5,CC(C)(C)CC(C)(C)C1=CC=C(C=C1)OCCOCCO
NA-28,105730-37-8,C[N+]12CCC34C1CC5C6C3N(C(=O)CC6OCC=C5C2)C7=CC=CC=C47
NA-28,1421-86-9,C1=CN=CC=C1C(=O)NCCNC(=O)C2=CC=NC=C2
NA-28,52748-69-3,C1CN2CC3=CCOC4CC(=O)N5C6C4C3CC2C61C7=CC=CC=C75.I
NA-28,10103-26-1,C1CN2CC3=CCOC4CC(=O)N5C6C4C3CC2C61C7=CC=CC=C75.OPO
NA-28,66-32-0,CCCCCCCC[Sn+3].CCCCC(CC)COC(=O)C[S-].CCCCC(CC)COC(=O)C[S-].CCCCC(CC)COC(=O)C[S-]
NA-28,31097-73-1,C[N+]12CCC34C1(CC5C6C3N(C(=O)CC6OCC=C5C2)C7=CC=CC=C47)O
NA-28,10476-82-1,C1CN2CC3=CCOC4CC(=O)N5C6C4C3CC2C61C7=CC=CC=C75.O[As](=O)(O)O
NA-28,60-41-3,C1CN2CC3=CCOC4CC(=O)N5C6C4C3CC2C61C7=CC=CC=C75.C1CN2CC3=CCOC4CC(=O)N5C6C4C3CC2C61C7=CC=CC=C75.OS(=O)(=O)O
NA-28,96446-19-4,CC[N+]12CCC34C1CC5C6C3N(C(=O)CC6OCC=C5C2)C7=CC=CC=C47.CC[N+]12CCC34C1CC5C6C3N(C(=O)CC6OCC=C5C2)C7=CC=CC=C47.[O-]S(=O)(=O)[O-]
NA-28,25998-70-3,C1CN2CC3=CCOC4C5C3CC2C16C5N(C7=CC=CC=C67)C(=O)C4=CC8=CC=CC=C8
NA-28,357-57-3,CN1C(NC2=CC(=C(C=C2S1(=O)=O)S(=O)(=O)N)Cl)CSCC(F)(F)F
NA-28,5786-96-9,COC1=C(C=C2C(=C1)C34CCN5C3CC6C7C4N2C(=O)CC7OCC=C6C5)OC.Cl
NA-28,466-86-4,C1CN2CC3=CCOC(C4C3CC2C15C4NC6=CC=CC=C56)CC(=O)O
NA-28,5786-97-0,COC1=C(C=C2C(=C1)C34CCN5C3CC6C7C4N2C(=O)CC7OCC=C6C5)OC.[N+](=O)(O)[O-]
NA-28,15006-14-1,C1COC2CC(=O)N3C4C2C5C1CN6CCC4(C6C5)C7=CC=CC=C73
NA-28,125-15-5,CN1CCC23C4C5C(CC2=O)C(=CCOC5CC(=O)N4C6=C3C=CC=C6O)C1
NA-28,1323-31-5,C1CN2CC3=CCOC4CC(=O)N5C6C4C3CC2C61C7=CC=CC=C75.C(C(COP(=O)(O)O)O)O
NA-28,17140-57-7,C1CN2CC3=CCOC4CC(=O)N5C6C4C3CC2C61C7=CC=CC=C75.C(C(COP(=O)(O)O)O)O
NA-28,5329-54-4,COC1=C(C=C2C(=C1)C34CCN5C3CC6C7C4N2C(=O)CC7OCC=C6C5)OC.C(C(C(C(C(C(C(=O)O)O)O)O)O)O)O
NA-28,34403-85-5,C1CCC(CC1)C2=CC=C(C=C2)OCCO
NA-28,4845-99-2,COC1=C(C=C2C(=C1)C34CCN5C3CC6C7C4N2C(=O)CC7OCC=C6C5)OC.OS(=O)(=O)O
NA-28,652154-10-4,COC1=C(C=C2C(=C1)C34CCN5C3CC6C7C4N2C(=O)CC7OCC=C6C5)OC.COC1=C(C=C2C(=C1)C34CCN5C3CC6C7C4N2C(=O)CC7OCC=C6C5)OC.O.OS(=O)(=O)O
NA-28,467-16-3,C1CN2CC(=CCO)C3CC2C14C5C3=CCC(=O)N5C6=CC=CC=C46
NA-28,62835-85-2,CC=C1CN2CCC34C2CC1C(C3N(C5=CC=CC=C45)C(=O)C)C=O
NA-28,7505-32-0,CC(C)C(C(=O)O)NC=O.COC1=C(C=C2C(=C1)C34CCN5C3CC6C7C4N2C(=O)CC7OCC=C6C5)OC
NA-28,68727-53-7,CC=C1CN2CCC34C2CC1C5C3N(C(OC5)C6C7CC8C9(C6N(C1=CC=CC=C19)C(=O)C)CCN8CC7=CC)C1=CC=CC=C41
NA-29,1306-24-7,[Se]=[Cd]
NA-29,2897-21-4,C(C(C(=O)O)N)[Se][Se]CC(C(=O)O)N
NA-29,13410-01-0,[O-][Se](=O)(=O)[O-].[Na+].[Na+]
NA-29,7790-59-2,[O-][Se](=O)(=O)[O-].[K+].[K+]
NA-29,14293-86-8,
NA-29,7783-08-6,O[Se](=O)(=O)O
NA-29,7783-00-8,O[Se](=O)O
NA-29,144-34-3,CN(C)C(=S)S[Se](SC(=S)N(C)C)(SC(=S)N(C)C)SC(=S)N(C)C
NA-29,7446-08-4,O=[Se]=O
NA-29,7783-79-1,F[Se](F)(F)(F)(F)F
NA-29,1313-85-5,[Na+].[Na+].[Se-2]
NA-29,10102-18-8,[O-][Se](=O)[O-].[Na+].[Na+]
NA-29,12039-52-0,[Se].[Tl].[Tl]
NA-30,95-57-8,C1=CC=C(C(=C1)O)Cl
NA-30,108-43-0,C1=CC(=CC(=C1)Cl)O
NA-30,106-48-9,C1=CC(=CC=C1O)Cl
NA-30,576-24-9,C1=CC(=C(C(=C1)Cl)Cl)O
NA-30,583-78-8,C1=CC(=C(C=C1Cl)O)Cl
NA-30,87-65-0,C1=CC(=C(C(=C1)Cl)O)Cl
NA-30,95-77-2,C1=CC(=C(C=C1O)Cl)Cl
NA-30,591-35-5,C1=C(C=C(C=C1Cl)Cl)O
NA-30,15950-66-0,C1=CC(=C(C(=C1O)Cl)Cl)Cl
NA-30,933-78-8,C1=C(C=C(C(=C1O)Cl)Cl)Cl
NA-30,933-75-5,C1=CC(=C(C(=C1Cl)O)Cl)Cl
NA-30,609-19-8,C1=C(C=C(C(=C1Cl)Cl)Cl)O
NA-30,4901-51-3,C1=C(C(=C(C(=C1Cl)Cl)Cl)Cl)O
NA-30,58-90-2,C1=C(C(=C(C(=C1Cl)Cl)Cl)O)Cl
NA-30,935-95-5,C1=C(C(=C(C(=C1Cl)Cl)O)Cl)Cl
NA-30,87-86-5,C1(=C(C(=C(C(=C1Cl)Cl)Cl)Cl)Cl)O
NA-33,16984-48-8,FF
NA-33,7664-39-3,F
NA-33,7681-49-4,[F-].[Na+]
1332214,12001-29-5,O.O[Si]([O-])([O-])[O-].O[Si]([O-])([O-])[O-].[Mg+2].[Mg+2].[Mg+2]
1332214,12172-73-5,
1332214,12001-28-4,O[Si](=O)O.O[Si](=O)O.O[Si](=O)O.O[Si](=O)O.O[Si](=O)O.O[Si](=O)O.O[Si](=O)O.O[Si](=O)O.[Na+].[Na+].[Mg+2].[Mg+2].[Mg+2].[Fe+3].[Fe+3]
1332214,17068-78-9,
1332214,14567-73-8,O.[O-][Si]([O-])([O-])[O-].[Mg+2].[Ca+2]
1332214,12172-67-7,
25321226,106-46-7,C1=CC(=CC=C1Cl)Cl
25321226,541-73-1,C1=CC(=CC(=C1)Cl)Cl
25321226,95-50-1,CC1=CC(=C(C=C1)[N+](=O)[O-])C
25321146,121-14-2,CC1=C(C=C(C=C1)[N+](=O)[O-])[N+](=O)[O-]
25321146,606-20-2,CC1=C(C=CC=C1[N+](=O)[O-])[N+](=O)[O-]
25321146,619-15-8,CC1=C(C=CC(=C1)[N+](=O)[O-])[N+](=O)[O-]
25321146,610-39-9,CC1=CC(=C(C=C1)[N+](=O)[O-])[N+](=O)[O-]
1330207,106-42-3,C1=C(C=C(C=C1O)O)O
1330207,108-38-3,CC1=CC(=CC=C1)C
1330207,95-47-6,CCN1C=C(C(=O)C2=CN=C(N=C21)N3CCNCC3)C(=O)O
1319773,106-44-5,CC1=CC=C(C=C1)O
1319773,108-39-4,CC1=CC(=CC=C1)O
1319773,95-48-7,CC1=CC=CC=C1O
26471625,584-84-9,CC1=C(C=CC=C1N=C=O)N=C=O
26471625,91-08-7,CC1=C(C=CC=C1N=C=O)N=C=O
25376458,2687-25-4,CC1=C(C(=CC=C1)N)N
25376458,95-80-7,CC1=C(C=C(C=C1)N)N
25376458,95-70-5,CC1=C(C=CC(=C1)N)N
25376458,823-40-5,CCCCCCCC=O
25376458,496-72-0,CC1=CC(=C(C=C1)N)N
25376458,108-71-4,CC1=CC(=CC(=C1)N)N
34077877,306-83-2,C(C(F)(F)F)(Cl)Cl
34077877,354-23-4,C(C(F)(F)Cl)(F)Cl
34077877,812-04-4,C(C(F)(Cl)Cl)(F)F
63938103,354-25-6,C(C(F)(F)Cl)(F)F
63938103,2837-89-0,C(C(F)(F)F)(F)Cl
59536651,1336-36-3,C1=C(C=C(C(=C1Cl)Cl)Cl)C2=CC(=C(C(=C2)Cl)Cl)Cl
59536651,2051-60-7,C1=CC=C(C=C1)C2=CC=CC=C2Cl
59536651,2051-61-8,C1=CC=C(C=C1)C2=CC(=CC=C2)Cl
59536651,2051-62-9,C1=CC=C(C=C1)C2=CC=C(C=C2)Cl
59536651,13029-08-8,C1=CC=C(C(=C1)C2=CC=CC=C2Cl)Cl
59536651,16605-91-7,C1=CC=C(C=C1)C2=C(C(=CC=C2)Cl)Cl
59536651,25569-80-6,C1=CC=C(C(=C1)C2=CC(=CC=C2)Cl)Cl
59536651,33284-50-3,C1=CC=C(C=C1)C2=C(C=C(C=C2)Cl)Cl
59536651,34883-43-7,C1=CC=C(C(=C1)C2=CC=C(C=C2)Cl)Cl
59536651,34883-39-1,C1=CC=C(C=C1)C2=C(C=CC(=C2)Cl)Cl
59536651,33146-45-1,C1=CC=C(C=C1)C2=C(C=CC=C2Cl)Cl
59536651,2050-67-1,C1=CC(=CC(=C1)Cl)C2=CC(=CC=C2)Cl
59536651,2974-92-7,C1=CC=C(C=C1)C2=CC(=C(C=C2)Cl)Cl
59536651,2974-90-5,C1=CC(=CC(=C1)Cl)C2=CC=C(C=C2)Cl
59536651,34883-41-5,C1=CC=C(C=C1)C2=CC(=CC(=C2)Cl)Cl
59536651,2050-68-2,C1=CC(=CC=C1C2=CC=C(C=C2)Cl)Cl
59536651,38444-78-9,C1=CC=C(C(=C1)C2=C(C(=CC=C2)Cl)Cl)Cl
59536651,37680-66-3,C1=CC(=CC=C1C2=CC=C(C=C2)Cl)Cl
59536651,37680-65-2,C1=CC=C(C(=C1)C2=C(C=CC(=C2)Cl)Cl)Cl
59536651,38444-73-4,C1=CC=C(C(=C1)C2=C(C=CC=C2Cl)Cl)Cl
59536651,38444-84-7,C1=CC(=CC(=C1)Cl)C2=C(C(=CC=C2)Cl)Cl
59536651,55702-46-0,C1=CC=C(C=C1)C2=C(C(=C(C=C2)Cl)Cl)Cl
59536651,38444-85-8,C1=CC(=C(C(=C1)Cl)Cl)C2=CC=C(C=C2)Cl
59536651,55720-44-0,C1=CC=C(C=C1)C2=C(C(=CC(=C2)Cl)Cl)Cl
59536651,55702-45-9,C1=CC=C(C=C1)C2=C(C=CC(=C2Cl)Cl)Cl
59536651,55712-37-3,C1=CC(=CC(=C1)Cl)C2=C(C=C(C=C2)Cl)Cl
59536651,38444-81-4,C1=CC(=CC(=C1)Cl)C2=C(C=CC(=C2)Cl)Cl
59536651,38444-76-7,C1=CC(=CC(=C1)Cl)C2=C(C=CC=C2Cl)Cl
59536651,7012-37-5,C1=CC(=CC=C1C2=C(C=C(C=C2)Cl)Cl)Cl
59536651,15862-07-4,C1=CC=C(C=C1)C2=CC(=C(C=C2Cl)Cl)Cl
59536651,35693-92-6,C1=CC=C(C=C1)C2=C(C=C(C=C2Cl)Cl)Cl
59536651,16606-02-3,C1=CC=C(C=C1)C2=CC(=C(C=C2Cl)Cl)Cl
59536651,38444-77-8,C1=CC=C(C=C1)C2=C(C=C(C=C2Cl)Cl)Cl
59536651,38444-86-9,C1=CC=C(C(=C1)C2=CC(=C(C=C2)Cl)Cl)Cl
59536651,37680-68-5,C1=CC=C(C(=C1)C2=CC(=CC(=C2)Cl)Cl)Cl
59536651,37680-69-6,C1=CC(=CC(=C1)Cl)C2=CC(=C(C=C2)Cl)Cl
59536651,38444-87-0,C1=CC(=CC(=C1)Cl)C2=CC(=CC(=C2)Cl)Cl
59536651,38444-90-5,C1=CC(=CC=C1C2=CC(=C(C=C2)Cl)Cl)Cl
59536651,53555-66-1,C1=CC=C(C=C1)C2=CC(=C(C(=C2)Cl)Cl)Cl
59536651,38444-88-1,C1=CC(=CC=C1C2=CC(=CC(=C2)Cl)Cl)Cl
59536651,38444-93-8,C1=CC(=C(C(=C1)Cl)Cl)C2=C(C(=CC=C2)Cl)Cl
59536651,52663-59-9,C1=CC=C(C(=C1)C2=C(C(=C(C=C2)Cl)Cl)Cl)Cl
59536651,36559-22-5,C1=CC(=C(C(=C1)Cl)Cl)C2=C(C=C(C=C2)Cl)Cl
59536651,70362-46-8,C1=CC=C(C(=C1)C2=C(C(=CC(=C2)Cl)Cl)Cl)Cl
59536651,41464-39-5,C1=CC(=C(C(=C1)Cl)Cl)C2=C(C=CC(=C2)Cl)Cl
59536651,70362-45-7,C1=CC=C(C(=C1)C2=C(C=CC(=C2Cl)Cl)Cl)Cl
59536651,41464-47-5,C1=CC=C(C(=C1)C2=C(C=CC(=C2Cl)Cl)Cl)Cl
59536651,2437-79-8,C1=CC(=C(C=C1Cl)Cl)C2=C(C=C(C=C2)Cl)Cl
59536651,70362-47-9,C1=CC=C(C(=C1)C2=CC(=C(C=C2Cl)Cl)Cl)Cl
59536651,41464-40-8,C1=CC(=C(C=C1Cl)Cl)C2=C(C=CC(=C2)Cl)Cl
59536651,62796-65-0,C1=CC=C(C(=C1)C2=C(C=C(C=C2Cl)Cl)Cl)Cl
59536651,68194-04-7,C1=CC(=C(C(=C1)Cl)C2=C(C=C(C=C2)Cl)Cl)Cl
59536651,35693-99-3,C1=CC(=C(C=C1Cl)C2=C(C=CC(=C2)Cl)Cl)Cl
59536651,41464-41-9,C1=CC(=C(C(=C1)Cl)C2=C(C=CC(=C2)Cl)Cl)Cl
59536651,15968-05-5,C1=CC(=C(C(=C1)Cl)C2=C(C=CC=C2Cl)Cl)Cl
59536651,74338-24-2,C1=CC(=CC(=C1)Cl)C2=C(C(=C(C=C2)Cl)Cl)Cl
59536651,41464-43-1,C1=CC(=C(C(=C1)Cl)Cl)C2=CC(=C(C=C2)Cl)Cl
59536651,70424-67-8,C1=CC(=CC(=C1)Cl)C2=C(C(=CC(=C2)Cl)Cl)Cl
59536651,41464-49-7,C1=CC(=C(C(=C1)Cl)Cl)C2=CC(=CC(=C2)Cl)Cl
59536651,74472-33-6,C1=CC(=CC(=C1)Cl)C2=C(C=CC(=C2Cl)Cl)Cl
59536651,33025-41-1,C1=CC(=CC=C1C2=C(C(=C(C=C2)Cl)Cl)Cl)Cl
59536651,33284-53-6,C1=CC=C(C=C1)C2=CC(=C(C(=C2Cl)Cl)Cl)Cl
59536651,54230-22-7,C1=CC=C(C=C1)C2=C(C(=C(C=C2Cl)Cl)Cl)Cl
59536651,74472-34-7,C1=CC(=CC=C1C2=C(C(=CC(=C2)Cl)Cl)Cl)Cl
59536651,52663-58-8,C1=CC(=CC=C1C2=C(C=CC(=C2Cl)Cl)Cl)Cl
59536651,33284-54-7,C1=CC=C(C=C1)C2=C(C(=CC(=C2Cl)Cl)Cl)Cl
59536651,32598-10-0,C1=CC(=C(C=C1C2=C(C=C(C=C2)Cl)Cl)Cl)Cl
59536651,73575-53-8,C1=CC(=CC(=C1)Cl)C2=CC(=C(C=C2Cl)Cl)Cl
59536651,73575-52-7,C1=CC(=C(C=C1Cl)Cl)C2=CC(=CC(=C2)Cl)Cl
59536651,60233-24-1,C1=CC(=CC(=C1)Cl)C2=C(C=C(C=C2Cl)Cl)Cl
59536651,32598-11-1,C1=CC(=C(C=C1C2=C(C=CC(=C2)Cl)Cl)Cl)Cl
59536651,41464-46-4,C1=CC(=C(C(=C1)Cl)C2=CC(=C(C=C2)Cl)Cl)Cl
59536651,41464-42-0,C1=CC(=C(C=C1Cl)C2=CC(=CC(=C2)Cl)Cl)Cl
59536651,74338-23-1,C1=CC(=C(C(=C1)Cl)C2=CC(=CC(=C2)Cl)Cl)Cl
59536651,32690-93-0,C1=CC(=CC=C1C2=CC(=C(C=C2Cl)Cl)Cl)Cl
59536651,32598-12-2,C1=CC(=C(C(=C1)Cl)C2=C(C=CC(=C2)Cl)Cl)Cl
59536651,70362-48-0,C1=CC(=C(C=C1C2=C(C=CC(=C2)Cl)Cl)Cl)Cl
59536651,32598-13-3,C1=CC(=C(C=C1C2=CC(=C(C=C2)Cl)Cl)Cl)Cl
59536651,70362-49-1,C1=CC(=CC(=C1)Cl)C2=CC(=C(C(=C2)Cl)Cl)Cl
59536651,41464-48-6,C1=CC(=C(C=C1C2=CC(=CC(=C2)Cl)Cl)Cl)Cl
59536651,33284-52-5,C1=C(C=C(C=C1Cl)Cl)C2=CC(=CC(=C2)Cl)Cl
59536651,70362-50-4,C1=CC(=CC=C1C2=CC(=C(C(=C2)Cl)Cl)Cl)Cl
59536651,52663-62-4,C1=CC(=C(C(=C1)Cl)Cl)C2=C(C(=C(C=C2)Cl)Cl)Cl
59536651,60145-20-2,C1=CC(=C(C(=C1)Cl)Cl)C2=C(C(=CC(=C2)Cl)Cl)Cl
59536651,52663-60-2,C1=CC(=C(C(=C1)Cl)Cl)C2=C(C=CC(=C2Cl)Cl)Cl
59536651,65510-45-4,C1=CC(=C(C=C1Cl)Cl)C2=C(C(=C(C=C2)Cl)Cl)Cl
59536651,55312-69-1,C1=CC=C(C(=C1)C2=CC(=C(C(=C2Cl)Cl)Cl)Cl)Cl
59536651,38380-02-8,C1=CC(=C(C=C1Cl)C2=C(C(=C(C=C2)Cl)Cl)Cl)Cl
59536651,55215-17-3,C1=CC=C(C(=C1)C2=C(C(=C(C=C2Cl)Cl)Cl)Cl)Cl
59536651,73575-57-2,C1=CC(=C(C(=C1)Cl)C2=C(C(=C(C=C2)Cl)Cl)Cl)Cl
59536651,68194-07-0,C1=CC(=C(C=C1Cl)Cl)C2=C(C(=CC(=C2)Cl)Cl)Cl
59536651,68194-05-8,C1=CC(=C(C=C1Cl)Cl)C2=C(C=CC(=C2Cl)Cl)Cl
59536651,52663-61-3,C1=CC(=C(C=C1Cl)C2=C(C(=CC(=C2)Cl)Cl)Cl)Cl
59536651,73575-56-1,C1=CC=C(C(=C1)C2=C(C(=CC(=C2Cl)Cl)Cl)Cl)Cl
59536651,73575-55-0,C1=CC(=C(C(=C1)Cl)C2=C(C(=CC(=C2)Cl)Cl)Cl)Cl
59536651,38379-99-6,C1=CC(=C(C=C1Cl)C2=C(C=CC(=C2Cl)Cl)Cl)Cl
59536651,73575-54-9,C1=CC(=C(C(=C1)Cl)C2=C(C=CC(=C2Cl)Cl)Cl)Cl
59536651,41464-51-1,C1=CC(=C(C(=C1)Cl)Cl)C2=CC(=C(C=C2Cl)Cl)Cl
59536651,60233-25-2,C1=CC(=C(C(=C1)Cl)Cl)C2=C(C=C(C=C2Cl)Cl)Cl
59536651,38380-01-7,C1=CC(=C(C=C1Cl)Cl)C2=CC(=C(C=C2Cl)Cl)Cl
59536651,39485-83-1,C1=CC(=C(C=C1Cl)Cl)C2=C(C=C(C=C2Cl)Cl)Cl
59536651,37680-73-2,C1=CC(=C(C=C1Cl)C2=CC(=C(C=C2Cl)Cl)Cl)Cl
59536651,68194-06-9,C1=CC(=C(C=C1Cl)Cl)C2=C(C(=CC(=C2)Cl)Cl)Cl
59536651,60145-21-3,C1=CC(=C(C=C1Cl)C2=C(C=C(C=C2Cl)Cl)Cl)Cl
59536651,56558-16-8,C1=CC(=C(C(=C1)Cl)C2=C(C=C(C=C2Cl)Cl)Cl)Cl
59536651,32598-14-4,C1=CC(=C(C=C1C2=C(C(=C(C=C2)Cl)Cl)Cl)Cl)Cl
59536651,70424-69-0,C1=CC(=CC(=C1)Cl)C2=CC(=C(C(=C2Cl)Cl)Cl)Cl
59536651,70424-68-9,C1=CC(=C(C=C1C2=C(C(=CC(=C2)Cl)Cl)Cl)Cl)Cl
59536651,70362-41-3,C1=CC(=C(C(=C1C2=CC(=CC(=C2)Cl)Cl)Cl)Cl)Cl
59536651,74472-35-8,C1=CC(=CC(=C1)Cl)C2=C(C(=C(C=C2Cl)Cl)Cl)Cl
59536651,38380-03-9,C1=CC(=C(C=C1C2=C(C=CC(=C2Cl)Cl)Cl)Cl)Cl
59536651,39635-32-0,C1=C(C=C(C(=C1Cl)Cl)Cl)C2=CC(=C(C(=C2Cl)Cl)Cl)Cl
59536651,74472-36-9,C1=CC(=CC(=C1)Cl)C2=C(C(=CC(=C2Cl)Cl)Cl)Cl
59536651,68194-10-5,C1=CC(=C(C(=C1Cl)C2=CC(=CC(=C2)Cl)Cl)Cl)Cl
59536651,74472-37-0,C1=CC(=CC=C1C2=CC(=C(C(=C2Cl)Cl)Cl)Cl)Cl
59536651,74472-38-1,C1=CC(=CC=C1C2=C(C(=C(C=C2Cl)Cl)Cl)Cl)Cl
59536651,18259-05-7,C1=CC=C(C=C1)C2=C(C(=C(C(=C2Cl)Cl)Cl)Cl)Cl
59536651,68194-11-6,C1=CC(=CC=C1C2=C(C(=CC(=C2Cl)Cl)Cl)Cl)Cl
59536651,31508-00-6,C1=CC(=C(C=C1C2=CC(=C(C=C2Cl)Cl)Cl)Cl)Cl
59536651,56558-17-9,C1=CC(=C(C=C1C2=C(C=C(C=C2Cl)Cl)Cl)Cl)Cl
59536651,68194-12-7,C1=C(C=C(C=C1Cl)Cl)C2=CC(=C(C=C2Cl)Cl)Cl
59536651,56558-18-0,C1=C(C=C(C=C1Cl)Cl)C2=C(C=C(C=C2Cl)Cl)Cl
59536651,76842-07-4,C1=CC(=C(C(=C1)Cl)Cl)C2=CC(=C(C(=C2)Cl)Cl)Cl
59536651,65510-44-3,C1=CC(=C(C=C1Cl)Cl)C2=CC(=C(C(=C2)Cl)Cl)Cl
59536651,70424-70-3,C1=CC(=C(C=C1Cl)C2=CC(=C(C(=C2)Cl)Cl)Cl)Cl
59536651,74472-39-2,C1=CC=C(C=C1)C2=C(C(=C(C(=C2Cl)Cl)Cl)Cl)Cl
59536651,57465-28-8,C1=CC(=C(C=C1C2=CC(=C(C(=C2)Cl)Cl)Cl)Cl)Cl
59536651,39635-33-1,C1=C(C=C(C=C1Cl)Cl)C2=CC(=C(C(=C2)Cl)Cl)Cl
59536651,38380-07-3,C1=CC(=C(C(=C1C2=C(C(=C(C=C2)Cl)Cl)Cl)Cl)Cl)Cl
59536651,55215-18-4,C1=CC(=C(C(=C1)Cl)Cl)C2=CC(=C(C(=C2Cl)Cl)Cl)Cl
59536651,52663-66-8,C1=CC(=C(C(=C1C2=C(C(=CC(=C2)Cl)Cl)Cl)Cl)Cl)Cl
59536651,61798-70-7,C1=CC(=C(C(=C1)Cl)Cl)C2=C(C(=C(C=C2Cl)Cl)Cl)Cl
59536651,38380-05-1,C1=CC(=C(C(=C1C2=C(C=CC(=C2Cl)Cl)Cl)Cl)Cl)Cl
59536651,35694-04-3,C1=C(C=C(C(=C1C2=C(C(=CC(=C2)Cl)Cl)Cl)Cl)Cl)Cl
59536651,52704-70-8,C1=CC(=C(C(=C1)Cl)Cl)C2=C(C(=CC(=C2Cl)Cl)Cl)Cl
59536651,52744-13-5,C1=CC(=C(C(=C1Cl)C2=C(C(=CC(=C2)Cl)Cl)Cl)Cl)Cl
59536651,38411-22-2,C1=CC(=C(C(=C1Cl)C2=C(C=CC(=C2Cl)Cl)Cl)Cl)Cl
59536651,35694-06-5,C1=CC(=C(C=C1Cl)Cl)C2=CC(=C(C(=C2Cl)Cl)Cl)Cl
59536651,35065-28-2,C1=CC(=C(C(=C1C2=CC(=C(C=C2Cl)Cl)Cl)Cl)Cl)Cl
59536651,56030-56-9,C1=CC(=C(C=C1Cl)Cl)C2=C(C(=C(C=C2Cl)Cl)Cl)Cl
59536651,59291-64-4,C1=CC(=C(C(=C1C2=C(C=C(C=C2Cl)Cl)Cl)Cl)Cl)Cl
59536651,52712-04-6,C1=CC(=C(C=C1Cl)C2=CC(=C(C(=C2Cl)Cl)Cl)Cl)Cl
59536651,41411-61-4,C1=CC=C(C(=C1)C2=C(C(=C(C(=C2Cl)Cl)Cl)Cl)Cl)Cl
59536651,68194-15-0,C1=CC(=C(C(=C1)Cl)C2=CC(=C(C(=C2Cl)Cl)Cl)Cl)Cl
59536651,68194-14-9,C1=CC(=C(C=C1Cl)C2=C(C(=C(C=C2Cl)Cl)Cl)Cl)Cl
59536651,74472-40-5,C1=CC(=C(C(=C1)Cl)C2=C(C(=C(C=C2Cl)Cl)Cl)Cl)Cl
59536651,51908-16-8,C1=C(C=C(C(=C1C2=CC(=C(C=C2Cl)Cl)Cl)Cl)Cl)Cl
59536651,68194-13-8,C1=CC(=C(C=C1Cl)Cl)C2=C(C(=CC(=C2Cl)Cl)Cl)Cl
59536651,74472-41-6,C1=C(C=C(C(=C1C2=C(C=C(C=C2Cl)Cl)Cl)Cl)Cl)Cl
59536651,38380-04-0,C1=CC(=C(C(=C1Cl)C2=CC(=C(C=C2Cl)Cl)Cl)Cl)Cl
59536651,68194-08-1,C1=CC(=C(C(=C1Cl)C2=C(C=C(C=C2Cl)Cl)Cl)Cl)Cl
59536651,52663-63-5,C1=CC(=C(C=C1Cl)C2=C(C(=CC(=C2Cl)Cl)Cl)Cl)Cl
59536651,68194-09-2,C1=CC(=C(C=C1Cl)C2=C(C(=CC(=C2Cl)Cl)Cl)Cl)Cl
59536651,35065-27-1,C1=C(C(=CC(=C1Cl)Cl)Cl)C2=CC(=C(C=C2Cl)Cl)Cl
59536651,60145-22-4,C1=C(C=C(C(=C1Cl)C2=CC(=C(C=C2Cl)Cl)Cl)Cl)Cl
59536651,33979-03-2,C1=C(C=C(C(=C1Cl)C2=C(C=C(C=C2Cl)Cl)Cl)Cl)Cl
59536651,38380-08-4,C1=CC(=C(C=C1C2=CC(=C(C(=C2Cl)Cl)Cl)Cl)Cl)Cl
59536651,69782-90-7,C1=CC(=C(C(=C1C2=CC(=C(C(=C2)Cl)Cl)Cl)Cl)Cl)Cl
59536651,74472-42-7,C1=CC(=C(C=C1C2=C(C(=C(C=C2Cl)Cl)Cl)Cl)Cl)Cl
59536651,39635-35-3,C1=C(C=C(C=C1Cl)Cl)C2=CC(=C(C(=C2Cl)Cl)Cl)Cl
59536651,41411-62-5,C1=CC(=CC(=C1)Cl)C2=C(C(=C(C(=C2Cl)Cl)Cl)Cl)Cl
59536651,74472-43-8,C1=C(C=C(C=C1Cl)Cl)C2=C(C(=C(C=C2Cl)Cl)Cl)Cl
59536651,39635-34-2,C1=C(C=C(C(=C1Cl)Cl)Cl)C2=C(C(=CC(=C2)Cl)Cl)Cl
59536651,74472-44-9,C1=CC(=C(C=C1C2=C(C(=CC(=C2Cl)Cl)Cl)Cl)Cl)Cl
59536651,74472-45-0,C1=CC(=C(C(=C1Cl)C2=CC(=C(C(=C2)Cl)Cl)Cl)Cl)Cl
59536651,74472-46-1,C1=C(C=C(C=C1Cl)Cl)C2=C(C(=CC(=C2Cl)Cl)Cl)Cl
59536651,41411-63-6,C1=CC(=CC=C1C2=C(C(=C(C(=C2Cl)Cl)Cl)Cl)Cl)Cl
59536651,52663-72-6,C1=C(C=C(C(=C1Cl)Cl)Cl)C2=CC(=C(C=C2Cl)Cl)Cl
59536651,59291-65-5,C1=C(C=C(C(=C1Cl)Cl)Cl)C2=C(C=C(C=C2Cl)Cl)Cl
59536651,32774-16-6,C1=C(C=C(C(=C1Cl)Cl)Cl)C2=CC(=C(C(=C2)Cl)Cl)Cl
59536651,35065-30-6,C1=CC(=C(C(=C1C2=CC(=C(C(=C2Cl)Cl)Cl)Cl)Cl)Cl)Cl
59536651,52663-71-5,C1=CC(=C(C(=C1C2=C(C(=C(C=C2Cl)Cl)Cl)Cl)Cl)Cl)Cl
59536651,52663-74-8,C1=C(C=C(C(=C1C2=CC(=C(C(=C2Cl)Cl)Cl)Cl)Cl)Cl)Cl
59536651,68194-16-1,C1=CC(=C(C(=C1)Cl)Cl)C2=C(C(=C(C(=C2Cl)Cl)Cl)Cl)Cl
59536651,38411-25-5,C1=CC(=C(C(=C1Cl)C2=CC(=C(C(=C2Cl)Cl)Cl)Cl)Cl)Cl
59536651,40186-70-7,C1=CC(=C(C(=C1)Cl)N)CC2=CC(=C(C=C2)N)Cl
59536651,52663-65-7,C1=CC(=C(C(=C1Cl)C2=C(C(=C(C=C2Cl)Cl)Cl)Cl)Cl)Cl
59536651,52663-70-4,C1=CC(=C(C(=C1C2=C(C(=CC(=C2Cl)Cl)Cl)Cl)Cl)Cl)Cl
59536651,52663-67-9,C1=C(C=C(C(=C1C2=C(C(=CC(=C2Cl)Cl)Cl)Cl)Cl)Cl)Cl
59536651,52663-64-6,C1=CC(=C(C(=C1Cl)C2=C(C(=CC(=C2Cl)Cl)Cl)Cl)Cl)Cl
59536651,35065-29-3,C1=C(C(=CC(=C1Cl)Cl)Cl)C2=CC(=C(C(=C2Cl)Cl)Cl)Cl
59536651,74472-47-2,C1=CC(=C(C=C1Cl)Cl)C2=C(C(=C(C(=C2Cl)Cl)Cl)Cl)Cl
59536651,60145-23-5,C1=C(C=C(C(=C1Cl)C2=CC(=C(C(=C2Cl)Cl)Cl)Cl)Cl)Cl
59536651,52663-69-1,C1=C(C(=CC(=C1Cl)Cl)Cl)C2=C(C(=C(C=C2Cl)Cl)Cl)Cl
59536651,74472-48-3,C1=C(C=C(C(=C1Cl)C2=C(C(=C(C=C2Cl)Cl)Cl)Cl)Cl)Cl
59536651,52712-05-7,C1=CC(=C(C=C1Cl)C2=C(C(=C(C(=C2Cl)Cl)Cl)Cl)Cl)Cl
59536651,74472-49-4,C1=CC(=C(C(=C1)Cl)C2=C(C(=C(C(=C2Cl)Cl)Cl)Cl)Cl)Cl
59536651,52663-68-0,C1=C(C(=CC(=C1Cl)Cl)Cl)C2=C(C(=CC(=C2Cl)Cl)Cl)Cl
59536651,74487-85-7,C1=C(C=C(C(=C1Cl)C2=C(C(=CC(=C2Cl)Cl)Cl)Cl)Cl)Cl
59536651,39635-31-9,C1=C(C=C(C(=C1Cl)Cl)Cl)C2=CC(=C(C(=C2Cl)Cl)Cl)Cl
59536651,41411-64-7,C1=CC(=C(C=C1C2=C(C(=C(C(=C2Cl)Cl)Cl)Cl)Cl)Cl)Cl
59536651,74472-50-7,C1=C(C=C(C(=C1Cl)Cl)Cl)C2=C(C(=C(C=C2Cl)Cl)Cl)Cl
59536651,74472-51-8,C1=C(C=C(C=C1Cl)Cl)C2=C(C(=C(C(=C2Cl)Cl)Cl)Cl)Cl
59536651,69782-91-8,C1=C(C=C(C(=C1Cl)Cl)Cl)C2=C(C(=CC(=C2Cl)Cl)Cl)Cl
59536651,35694-08-7,C1=C(C(=C(C(=C1Cl)Cl)Cl)Cl)C2=CC(=C(C(=C2Cl)Cl)Cl)Cl
59536651,52663-78-2,C1=CC(=C(C(=C1C2=C(C(=C(C(=C2Cl)Cl)Cl)Cl)Cl)Cl)Cl)Cl
59536651,42740-50-1,C1=C(C(=C(C(=C1Cl)Cl)Cl)Cl)C2=C(C(=C(C=C2Cl)Cl)Cl)Cl
59536651,33091-17-7,C1=C(C(=C(C(=C1Cl)Cl)Cl)C2=C(C(=C(C=C2Cl)Cl)Cl)Cl)Cl
59536651,68194-17-2,C1=C(C=C(C(=C1C2=C(C(=C(C(=C2Cl)Cl)Cl)Cl)Cl)Cl)Cl)Cl
59536651,52663-75-9,C1=C(C(=C(C(=C1Cl)Cl)Cl)Cl)C2=C(C(=CC(=C2Cl)Cl)Cl)Cl
59536651,52663-73-7,C1=CC(=C(C(=C1Cl)C2=C(C(=C(C(=C2Cl)Cl)Cl)Cl)Cl)Cl)Cl
59536651,40186-71-8,C1=C(C(=C(C(=C1Cl)Cl)Cl)C2=C(C(=CC(=C2Cl)Cl)Cl)Cl)Cl
59536651,2136-99-4,C1=C(C(=C(C(=C1Cl)Cl)C2=C(C(=CC(=C2Cl)Cl)Cl)Cl)Cl)Cl
59536651,52663-76-0,C1=C(C(=CC(=C1Cl)Cl)Cl)C2=C(C(=C(C(=C2Cl)Cl)Cl)Cl)Cl
59536651,74472-52-9,C1=C(C=C(C(=C1Cl)C2=C(C(=C(C(=C2Cl)Cl)Cl)Cl)Cl)Cl)Cl
59536651,74472-53-0,C1=C(C=C(C(=C1Cl)Cl)Cl)C2=C(C(=C(C(=C2Cl)Cl)Cl)Cl)Cl
59536651,40186-72-9,C1=C(C(=C(C(=C1Cl)Cl)Cl)Cl)C2=C(C(=C(C(=C2Cl)Cl)Cl)Cl)Cl
59536651,52663-79-3,C1=C(C(=C(C(=C1Cl)Cl)Cl)C2=C(C(=C(C(=C2Cl)Cl)Cl)Cl)Cl)Cl
59536651,52663-77-1,C1=C(C(=C(C(=C1Cl)Cl)C2=C(C(=C(C(=C2Cl)Cl)Cl)Cl)Cl)Cl)Cl
59536651,2051-24-3,C1(=C(C(=C(C(=C1Cl)Cl)Cl)Cl)Cl)C2=C(C(=C(C(=C2Cl)Cl)Cl)Cl)Cl
1336363,34883-43-7,C1=CC=C(C(=C1)C2=CC=C(C=C2)Cl)Cl
1336363,2437-79-8,C1=CC(=C(C=C1Cl)Cl)C2=C(C=C(C=C2)Cl)Cl
1336363,32598-13-3,C1=CC(=C(C=C1C2=CC(=C(C=C2)Cl)Cl)Cl)Cl
1336363,2050-68-2,C1=CC(=CC=C1C2=CC=C(C=C2)Cl)Cl
1336363,35694-04-3,C1=C(C=C(C(=C1C2=C(C(=CC(=C2)Cl)Cl)Cl)Cl)Cl)Cl
1336363,31508-00-6,C1=CC(=C(C=C1C2=CC(=C(C=C2Cl)Cl)Cl)Cl)Cl
1336363,57465-28-8,C1=CC(=C(C=C1C2=CC(=C(C(=C2)Cl)Cl)Cl)Cl)Cl
1336363,35065-27-1,C1=C(C(=CC(=C1Cl)Cl)Cl)C2=CC(=C(C=C2Cl)Cl)Cl
1336363,35065-29-3,C1=C(C(=CC(=C1Cl)Cl)Cl)C2=CC(=C(C(=C2Cl)Cl)Cl)Cl
1336363,35065-28-2,C1=CC(=C(C(=C1C2=CC(=C(C=C2Cl)Cl)Cl)Cl)Cl)Cl
1336363,38379-99-6,C1=CC(=C(C=C1Cl)C2=C(C=CC(=C2Cl)Cl)Cl)Cl
1336363,41464-39-5,C1=CC(=C(C(=C1)Cl)Cl)C2=C(C=CC(=C2)Cl)Cl
1336363,37680-73-2,C1=CC(=C(C=C1Cl)C2=CC(=C(C=C2Cl)Cl)Cl)Cl
1336363,35693-99-3,C1=CC(=C(C=C1Cl)C2=C(C=CC(=C2)Cl)Cl)Cl
1336363,32598-14-4,C1=CC(=C(C=C1C2=C(C(=C(C=C2)Cl)Cl)Cl)Cl)Cl
1336363,38380-03-9,C1=CC(=C(C=C1C2=C(C=CC(=C2Cl)Cl)Cl)Cl)Cl
1336363,7012-37-5,C1=CC(=CC=C1C2=C(C=C(C=C2)Cl)Cl)Cl
1336363,33146-45-1,C1=CC=C(C=C1)C2=C(C=CC=C2Cl)Cl
1336363,32774-16-6,C1=C(C=C(C(=C1Cl)Cl)Cl)C2=CC(=C(C(=C2)Cl)Cl)Cl
1336363,2051-60-7,C1=CC=C(C=C1)C2=CC=CC=C2Cl
1336363,2051-61-8,C1=CC=C(C=C1)C2=CC(=CC=C2)Cl
1336363,2051-62-9,C1=CC=C(C=C1)C2=CC=C(C=C2)Cl
1336363,33284-50-3,C1=CC=C(C=C1)C2=C(C=C(C=C2)Cl)Cl
1336363,33979-03-2,C1=C(C=C(C(=C1Cl)C2=C(C=C(C=C2Cl)Cl)Cl)Cl)Cl
1336363,38444-86-9,C1=CC=C(C(=C1)C2=CC(=C(C=C2)Cl)Cl)Cl
1336363,2051-24-3,C1(=C(C(=C(C(=C1Cl)Cl)Cl)Cl)Cl)C2=C(C(=C(C(=C2Cl)Cl)Cl)Cl)Cl
1336363,38380-08-4,C1=CC(=C(C=C1C2=CC(=C(C(=C2Cl)Cl)Cl)Cl)Cl)Cl
1336363,52663-68-0,C1=C(C(=CC(=C1Cl)Cl)Cl)C2=C(C(=CC(=C2Cl)Cl)Cl)Cl
1336363,33284-52-5,C1=C(C=C(C=C1Cl)Cl)C2=CC(=CC(=C2)Cl)Cl
1336363,2974-92-7,C1=CC=C(C=C1)C2=CC(=C(C=C2)Cl)Cl
1336363,16605-91-7,C1=CC=C(C=C1)C2=C(C(=CC=C2)Cl)Cl
1336363,32598-10-0,C1=CC(=C(C=C1C2=C(C=C(C=C2)Cl)Cl)Cl)Cl
1336363,32690-93-0,C1=CC(=CC=C1C2=CC(=C(C=C2Cl)Cl)Cl)Cl
1336363,33025-41-1,C1=CC(=CC=C1C2=C(C(=C(C=C2)Cl)Cl)Cl)Cl
1336363,34883-39-1,C1=CC=C(C=C1)C2=C(C=CC(=C2)Cl)Cl
1336363,35065-30-6,C1=CC(=C(C(=C1C2=CC(=C(C(=C2Cl)Cl)Cl)Cl)Cl)Cl)Cl
1336363,35693-92-6,C1=CC=C(C=C1)C2=C(C=C(C=C2Cl)Cl)Cl
1336363,37680-65-2,C1=CC=C(C(=C1)C2=C(C=CC(=C2)Cl)Cl)Cl
1336363,37680-66-3,C1=CC(=CC=C1C2=CC=C(C=C2)Cl)Cl
1336363,38380-01-7,C1=CC(=C(C=C1Cl)Cl)C2=CC(=C(C=C2Cl)Cl)Cl
1336363,38380-02-8,C1=CC(=C(C=C1Cl)C2=C(C(=C(C=C2)Cl)Cl)Cl)Cl
1336363,38380-04-0,C1=CC(=C(C(=C1Cl)C2=CC(=C(C=C2Cl)Cl)Cl)Cl)Cl
1336363,38411-22-2,C1=CC(=C(C(=C1Cl)C2=C(C=CC(=C2Cl)Cl)Cl)Cl)Cl
1336363,38444-77-8,C1=CC=C(C=C1)C2=C(C=C(C=C2Cl)Cl)Cl
1336363,38444-78-9,C1=CC=C(C(=C1)C2=C(C(=CC=C2)Cl)Cl)Cl
1336363,38444-84-7,C1=CC(=CC(=C1)Cl)C2=C(C(=CC=C2)Cl)Cl
1336363,38444-93-8,C1=CC(=C(C(=C1)Cl)Cl)C2=C(C(=CC=C2)Cl)Cl
1336363,39485-83-1,C1=CC(=C(C=C1Cl)Cl)C2=C(C=C(C=C2Cl)Cl)Cl
1336363,41464-40-8,C1=CC(=C(C=C1Cl)Cl)C2=C(C=CC(=C2)Cl)Cl
1336363,41464-41-9,C1=CC(=C(C(=C1)Cl)C2=C(C=CC(=C2)Cl)Cl)Cl
1336363,41464-51-1,C1=CC(=C(C(=C1)Cl)Cl)C2=CC(=C(C=C2Cl)Cl)Cl
1336363,52663-59-9,C1=CC=C(C(=C1)C2=C(C(=C(C=C2)Cl)Cl)Cl)Cl
1336363,52663-60-2,C1=CC(=C(C(=C1)Cl)Cl)C2=C(C=CC(=C2Cl)Cl)Cl
1336363,52663-61-3,C1=CC(=C(C=C1Cl)C2=C(C(=CC(=C2)Cl)Cl)Cl)Cl
1336363,52663-64-6,C1=CC(=C(C(=C1Cl)C2=C(C(=CC(=C2Cl)Cl)Cl)Cl)Cl)Cl
1336363,52663-66-8,C1=CC(=C(C(=C1C2=C(C(=CC(=C2)Cl)Cl)Cl)Cl)Cl)Cl
1336363,52663-71-5,C1=CC(=C(C(=C1C2=C(C(=C(C=C2Cl)Cl)Cl)Cl)Cl)Cl)Cl
1336363,52744-13-5,C1=CC(=C(C(=C1Cl)C2=C(C(=CC(=C2)Cl)Cl)Cl)Cl)Cl
1336363,55215-18-4,C1=CC(=C(C(=C1)Cl)Cl)C2=CC(=C(C(=C2Cl)Cl)Cl)Cl
1336363,55702-45-9,C1=CC=C(C=C1)C2=C(C=CC(=C2Cl)Cl)Cl
1336363,65510-45-4,C1=CC(=C(C=C1Cl)Cl)C2=C(C(=C(C=C2)Cl)Cl)Cl
1336363,74472-46-1,C1=C(C=C(C=C1Cl)Cl)C2=C(C(=CC(=C2Cl)Cl)Cl)Cl
1336363,25569-80-6,C1=CC=C(C(=C1)C2=CC(=CC=C2)Cl)Cl
1336363,2136-99-4,C1=C(C(=C(C(=C1Cl)Cl)C2=C(C(=CC(=C2Cl)Cl)Cl)Cl)Cl)Cl
1336363,33091-17-7,C1=C(C(=C(C(=C1Cl)Cl)Cl)C2=C(C(=C(C=C2Cl)Cl)Cl)Cl)Cl
1336363,33284-53-6,C1=CC=C(C=C1)C2=CC(=C(C(=C2Cl)Cl)Cl)Cl
1336363,33284-54-7,C1=CC=C(C=C1)C2=C(C(=CC(=C2Cl)Cl)Cl)Cl
1336363,34883-41-5,C1=CC=C(C=C1)C2=CC(=CC(=C2)Cl)Cl
1336363,35694-06-5,C1=CC(=C(C=C1Cl)Cl)C2=CC(=C(C(=C2Cl)Cl)Cl)Cl
1336363,35694-08-7,C1=C(C(=C(C(=C1Cl)Cl)Cl)Cl)C2=CC(=C(C(=C2Cl)Cl)Cl)Cl
1336363,37680-68-5,C1=CC=C(C(=C1)C2=CC(=CC(=C2)Cl)Cl)Cl
1336363,38380-05-1,C1=CC(=C(C(=C1C2=C(C=CC(=C2Cl)Cl)Cl)Cl)Cl)Cl
1336363,38411-25-5,C1=CC(=C(C(=C1Cl)C2=CC(=C(C(=C2Cl)Cl)Cl)Cl)Cl)Cl
1336363,38444-76-7,C1=CC(=CC(=C1)Cl)C2=C(C=CC=C2Cl)Cl
1336363,39635-31-9,C1=C(C=C(C(=C1Cl)Cl)Cl)C2=CC(=C(C(=C2Cl)Cl)Cl)Cl
1336363,39635-33-1,C1=C(C=C(C=C1Cl)Cl)C2=CC(=C(C(=C2)Cl)Cl)Cl
1336363,39635-35-3,C1=C(C=C(C=C1Cl)Cl)C2=CC(=C(C(=C2Cl)Cl)Cl)Cl
1336363,40186-70-7,C1=CC(=C(C(=C1)Cl)N)CC2=CC(=C(C=C2)N)Cl
1336363,40186-71-8,C1=C(C(=C(C(=C1Cl)Cl)Cl)C2=C(C(=CC(=C2Cl)Cl)Cl)Cl)Cl
1336363,41411-61-4,C1=CC=C(C(=C1)C2=C(C(=C(C(=C2Cl)Cl)Cl)Cl)Cl)Cl
1336363,41411-63-6,C1=CC(=CC=C1C2=C(C(=C(C(=C2Cl)Cl)Cl)Cl)Cl)Cl
1336363,41411-64-7,C1=CC(=C(C=C1C2=C(C(=C(C(=C2Cl)Cl)Cl)Cl)Cl)Cl)Cl
1336363,41464-42-0,C1=CC(=C(C=C1Cl)C2=CC(=CC(=C2)Cl)Cl)Cl
1336363,41464-43-1,C1=CC(=C(C(=C1)Cl)Cl)C2=CC(=C(C=C2)Cl)Cl
1336363,41464-46-4,C1=CC(=C(C(=C1)Cl)C2=CC(=C(C=C2)Cl)Cl)Cl
1336363,41464-48-6,C1=CC(=C(C=C1C2=CC(=CC(=C2)Cl)Cl)Cl)Cl
1336363,41464-49-7,C1=CC(=C(C(=C1)Cl)Cl)C2=CC(=CC(=C2)Cl)Cl
1336363,42740-50-1,C1=C(C(=C(C(=C1Cl)Cl)Cl)Cl)C2=C(C(=C(C=C2Cl)Cl)Cl)Cl
1336363,51908-16-8,C1=C(C=C(C(=C1C2=CC(=C(C=C2Cl)Cl)Cl)Cl)Cl)Cl
1336363,52663-58-8,C1=CC(=CC=C1C2=C(C=CC(=C2Cl)Cl)Cl)Cl
1336363,52663-63-5,C1=CC(=C(C=C1Cl)C2=C(C(=CC(=C2Cl)Cl)Cl)Cl)Cl
1336363,52663-65-7,C1=CC(=C(C(=C1Cl)C2=C(C(=C(C=C2Cl)Cl)Cl)Cl)Cl)Cl
1336363,52663-67-9,C1=C(C=C(C(=C1C2=C(C(=CC(=C2Cl)Cl)Cl)Cl)Cl)Cl)Cl
1336363,52663-69-1,C1=C(C(=CC(=C1Cl)Cl)Cl)C2=C(C(=C(C=C2Cl)Cl)Cl)Cl
1336363,52663-70-4,C1=CC(=C(C(=C1C2=C(C(=CC(=C2Cl)Cl)Cl)Cl)Cl)Cl)Cl
1336363,52663-72-6,C1=C(C=C(C(=C1Cl)Cl)Cl)C2=CC(=C(C=C2Cl)Cl)Cl
1336363,52663-73-7,C1=CC(=C(C(=C1Cl)C2=C(C(=C(C(=C2Cl)Cl)Cl)Cl)Cl)Cl)Cl
1336363,52663-74-8,C1=C(C=C(C(=C1C2=CC(=C(C(=C2Cl)Cl)Cl)Cl)Cl)Cl)Cl
1336363,52663-75-9,C1=C(C(=C(C(=C1Cl)Cl)Cl)Cl)C2=C(C(=CC(=C2Cl)Cl)Cl)Cl
1336363,52663-76-0,C1=C(C(=CC(=C1Cl)Cl)Cl)C2=C(C(=C(C(=C2Cl)Cl)Cl)Cl)Cl
1336363,52663-77-1,C1=C(C(=C(C(=C1Cl)Cl)C2=C(C(=C(C(=C2Cl)Cl)Cl)Cl)Cl)Cl)Cl
1336363,52663-78-2,C1=CC(=C(C(=C1C2=C(C(=C(C(=C2Cl)Cl)Cl)Cl)Cl)Cl)Cl)Cl
1336363,52663-79-3,C1=C(C(=C(C(=C1Cl)Cl)Cl)C2=C(C(=C(C(=C2Cl)Cl)Cl)Cl)Cl)Cl
1336363,52704-70-8,C1=CC(=C(C(=C1)Cl)Cl)C2=C(C(=CC(=C2Cl)Cl)Cl)Cl
1336363,52712-04-6,C1=CC(=C(C=C1Cl)C2=CC(=C(C(=C2Cl)Cl)Cl)Cl)Cl
1336363,52712-05-7,C1=CC(=C(C=C1Cl)C2=C(C(=C(C(=C2Cl)Cl)Cl)Cl)Cl)Cl
1336363,53555-66-1,C1=CC=C(C=C1)C2=CC(=C(C(=C2)Cl)Cl)Cl
1336363,54230-22-7,C1=CC=C(C=C1)C2=C(C(=C(C=C2Cl)Cl)Cl)Cl
1336363,55215-17-3,C1=CC=C(C(=C1)C2=C(C(=C(C=C2Cl)Cl)Cl)Cl)Cl
1336363,55312-69-1,C1=CC=C(C(=C1)C2=CC(=C(C(=C2Cl)Cl)Cl)Cl)Cl
1336363,55702-46-0,C1=CC=C(C=C1)C2=C(C(=C(C=C2)Cl)Cl)Cl
1336363,55712-37-3,C1=CC(=CC(=C1)Cl)C2=C(C=C(C=C2)Cl)Cl
1336363,55720-44-0,C1=CC=C(C=C1)C2=C(C(=CC(=C2)Cl)Cl)Cl
1336363,56030-56-9,C1=CC(=C(C=C1Cl)Cl)C2=C(C(=C(C=C2Cl)Cl)Cl)Cl
1336363,56558-16-8,C1=CC(=C(C(=C1)Cl)C2=C(C=C(C=C2Cl)Cl)Cl)Cl
1336363,56558-17-9,C1=CC(=C(C=C1C2=C(C=C(C=C2Cl)Cl)Cl)Cl)Cl
1336363,59291-64-4,C1=CC(=C(C(=C1C2=C(C=C(C=C2Cl)Cl)Cl)Cl)Cl)Cl
1336363,59291-65-5,C1=C(C=C(C(=C1Cl)Cl)Cl)C2=C(C=C(C=C2Cl)Cl)Cl
1336363,60145-20-2,C1=CC(=C(C(=C1)Cl)Cl)C2=C(C(=CC(=C2)Cl)Cl)Cl
1336363,60145-21-3,C1=CC(=C(C=C1Cl)C2=C(C=C(C=C2Cl)Cl)Cl)Cl
1336363,60145-22-4,C1=C(C=C(C(=C1Cl)C2=CC(=C(C=C2Cl)Cl)Cl)Cl)Cl
1336363,60145-23-5,C1=C(C=C(C(=C1Cl)C2=CC(=C(C(=C2Cl)Cl)Cl)Cl)Cl)Cl
1336363,60233-24-1,C1=CC(=CC(=C1)Cl)C2=C(C=C(C=C2Cl)Cl)Cl
1336363,60233-25-2,C1=CC(=C(C(=C1)Cl)Cl)C2=C(C=C(C=C2Cl)Cl)Cl
1336363,62796-65-0,C1=CC=C(C(=C1)C2=C(C=C(C=C2Cl)Cl)Cl)Cl
1336363,68194-07-0,C1=CC(=C(C=C1Cl)Cl)C2=C(C(=CC(=C2)Cl)Cl)Cl
1336363,68194-13-8,C1=CC(=C(C=C1Cl)Cl)C2=C(C(=CC(=C2Cl)Cl)Cl)Cl
1336363,68194-14-9,C1=CC(=C(C=C1Cl)C2=C(C(=C(C=C2Cl)Cl)Cl)Cl)Cl
1336363,68194-15-0,C1=CC(=C(C(=C1)Cl)C2=CC(=C(C(=C2Cl)Cl)Cl)Cl)Cl
1336363,68194-16-1,C1=CC(=C(C(=C1)Cl)Cl)C2=C(C(=C(C(=C2Cl)Cl)Cl)Cl)Cl
1336363,68194-17-2,C1=C(C=C(C(=C1C2=C(C(=C(C(=C2Cl)Cl)Cl)Cl)Cl)Cl)Cl)Cl
1336363,69782-90-7,C1=CC(=C(C(=C1C2=CC(=C(C(=C2)Cl)Cl)Cl)Cl)Cl)Cl
1336363,70362-41-3,C1=CC(=C(C(=C1C2=CC(=CC(=C2)Cl)Cl)Cl)Cl)Cl
1336363,70362-47-9,C1=CC=C(C(=C1)C2=CC(=C(C=C2Cl)Cl)Cl)Cl
1336363,70362-49-1,C1=CC(=CC(=C1)Cl)C2=CC(=C(C(=C2)Cl)Cl)Cl
1336363,70362-50-4,C1=CC(=CC=C1C2=CC(=C(C(=C2)Cl)Cl)Cl)Cl
1336363,70424-67-8,C1=CC(=CC(=C1)Cl)C2=C(C(=CC(=C2)Cl)Cl)Cl
1336363,70424-68-9,C1=CC(=C(C=C1C2=C(C(=CC(=C2)Cl)Cl)Cl)Cl)Cl
1336363,70424-69-0,C1=CC(=CC(=C1)Cl)C2=CC(=C(C(=C2Cl)Cl)Cl)Cl
1336363,70424-70-3,C1=CC(=C(C=C1Cl)C2=CC(=C(C(=C2)Cl)Cl)Cl)Cl
1336363,73575-52-7,C1=CC(=C(C=C1Cl)Cl)C2=CC(=CC(=C2)Cl)Cl
1336363,73575-53-8,C1=CC(=CC(=C1)Cl)C2=CC(=C(C=C2Cl)Cl)Cl
1336363,73575-54-9,C1=CC(=C(C(=C1)Cl)C2=C(C=CC(=C2Cl)Cl)Cl)Cl
1336363,73575-55-0,C1=CC(=C(C(=C1)Cl)C2=C(C(=CC(=C2)Cl)Cl)Cl)Cl
1336363,73575-56-1,C1=CC=C(C(=C1)C2=C(C(=CC(=C2Cl)Cl)Cl)Cl)Cl
1336363,73575-57-2,C1=CC(=C(C(=C1)Cl)C2=C(C(=C(C=C2)Cl)Cl)Cl)Cl
1336363,74338-23-1,C1=CC(=C(C(=C1)Cl)C2=CC(=CC(=C2)Cl)Cl)Cl
1336363,74338-24-2,C1=CC(=CC(=C1)Cl)C2=C(C(=C(C=C2)Cl)Cl)Cl
1336363,74472-33-6,C1=CC(=CC(=C1)Cl)C2=C(C=CC(=C2Cl)Cl)Cl
1336363,74472-34-7,C1=CC(=CC=C1C2=C(C(=CC(=C2)Cl)Cl)Cl)Cl
1336363,74472-35-8,C1=CC(=CC(=C1)Cl)C2=C(C(=C(C=C2Cl)Cl)Cl)Cl
1336363,74472-36-9,C1=CC(=CC(=C1)Cl)C2=C(C(=CC(=C2Cl)Cl)Cl)Cl
1336363,74472-37-0,C1=CC(=CC=C1C2=CC(=C(C(=C2Cl)Cl)Cl)Cl)Cl
1336363,74472-38-1,C1=CC(=CC=C1C2=C(C(=C(C=C2Cl)Cl)Cl)Cl)Cl
1336363,74472-39-2,C1=CC=C(C=C1)C2=C(C(=C(C(=C2Cl)Cl)Cl)Cl)Cl
1336363,74472-40-5,C1=CC(=C(C(=C1)Cl)C2=C(C(=C(C=C2Cl)Cl)Cl)Cl)Cl
1336363,74472-41-6,C1=C(C=C(C(=C1C2=C(C=C(C=C2Cl)Cl)Cl)Cl)Cl)Cl
1336363,74472-42-7,C1=CC(=C(C=C1C2=C(C(=C(C=C2Cl)Cl)Cl)Cl)Cl)Cl
1336363,74472-43-8,C1=C(C=C(C=C1Cl)Cl)C2=C(C(=C(C=C2Cl)Cl)Cl)Cl
1336363,74472-44-9,C1=CC(=C(C=C1C2=C(C(=CC(=C2Cl)Cl)Cl)Cl)Cl)Cl
1336363,74472-45-0,C1=CC(=C(C(=C1Cl)C2=CC(=C(C(=C2)Cl)Cl)Cl)Cl)Cl
1336363,74472-47-2,C1=CC(=C(C=C1Cl)Cl)C2=C(C(=C(C(=C2Cl)Cl)Cl)Cl)Cl
1336363,74472-48-3,C1=C(C=C(C(=C1Cl)C2=C(C(=C(C=C2Cl)Cl)Cl)Cl)Cl)Cl
1336363,74472-49-4,C1=CC(=C(C(=C1)Cl)C2=C(C(=C(C(=C2Cl)Cl)Cl)Cl)Cl)Cl
1336363,74472-50-7,C1=C(C=C(C(=C1Cl)Cl)Cl)C2=C(C(=C(C=C2Cl)Cl)Cl)Cl
1336363,74472-51-8,C1=C(C=C(C=C1Cl)Cl)C2=C(C(=C(C(=C2Cl)Cl)Cl)Cl)Cl
1336363,74472-52-9,C1=C(C=C(C(=C1Cl)C2=C(C(=C(C(=C2Cl)Cl)Cl)Cl)Cl)Cl)Cl
1336363,74472-53-0,C1=C(C=C(C(=C1Cl)Cl)Cl)C2=C(C(=C(C(=C2Cl)Cl)Cl)Cl)Cl
1336363,74487-85-7,C1=C(C=C(C(=C1Cl)C2=C(C(=CC(=C2Cl)Cl)Cl)Cl)Cl)Cl
1336363,38444-73-4,C1=CC=C(C(=C1)C2=C(C=CC=C2Cl)Cl)Cl
1336363,38444-81-4,C1=CC(=CC(=C1)Cl)C2=C(C=CC(=C2)Cl)Cl
1336363,70362-45-7,C1=CC=C(C(=C1)C2=C(C=CC(=C2Cl)Cl)Cl)Cl
1336363,61798-70-7,C1=CC(=C(C(=C1)Cl)Cl)C2=C(C(=C(C=C2Cl)Cl)Cl)Cl
1336363,38444-85-8,C1=CC(=C(C(=C1)Cl)Cl)C2=CC=C(C=C2)Cl
1336363,52663-62-4,C1=CC(=C(C(=C1)Cl)Cl)C2=C(C(=C(C=C2)Cl)Cl)Cl
1336363,38380-07-3,C1=CC(=C(C(=C1C2=C(C(=C(C=C2)Cl)Cl)Cl)Cl)Cl)Cl
1336363,38444-87-0,C1=CC(=CC(=C1)Cl)C2=CC(=CC(=C2)Cl)Cl
1336363,2974-90-5,C1=CC(=CC(=C1)Cl)C2=CC=C(C=C2)Cl
1336363,37680-69-6,C1=CC(=CC(=C1)Cl)C2=CC(=C(C=C2)Cl)Cl
1336363,38444-88-1,C1=CC(=CC=C1C2=CC(=CC(=C2)Cl)Cl)Cl
1336363,38444-90-5,C1=CC(=CC=C1C2=CC(=C(C=C2)Cl)Cl)Cl
1336363,39635-32-0,C1=C(C=C(C(=C1Cl)Cl)Cl)C2=CC(=C(C(=C2Cl)Cl)Cl)Cl
1336363,39635-34-2,C1=C(C=C(C(=C1Cl)Cl)Cl)C2=C(C(=CC(=C2)Cl)Cl)Cl
1336363,40186-72-9,C1=C(C(=C(C(=C1Cl)Cl)Cl)Cl)C2=C(C(=C(C(=C2Cl)Cl)Cl)Cl)Cl
1336363,41411-62-5,C1=CC(=CC(=C1)Cl)C2=C(C(=C(C(=C2Cl)Cl)Cl)Cl)Cl
1336363,41464-47-5,C1=CC=C(C(=C1)C2=C(C=CC(=C2Cl)Cl)Cl)Cl
1336363,56558-18-0,C1=C(C=C(C=C1Cl)Cl)C2=C(C=C(C=C2Cl)Cl)Cl
1336363,65510-44-3,C1=CC(=C(C=C1Cl)Cl)C2=CC(=C(C(=C2)Cl)Cl)Cl
1336363,69782-91-8,C1=C(C=C(C(=C1Cl)Cl)Cl)C2=C(C(=CC(=C2Cl)Cl)Cl)Cl
1336363,70362-46-8,C1=CC=C(C(=C1)C2=C(C(=CC(=C2)Cl)Cl)Cl)Cl
1336363,70362-48-0,C1=CC(=C(C=C1C2=C(C=CC(=C2)Cl)Cl)Cl)Cl
1336363,2050-67-1,C1=CC(=CC(=C1)Cl)C2=CC(=CC=C2)Cl
1336363,36559-22-5,C1=CC(=C(C(=C1)Cl)Cl)C2=C(C=C(C=C2)Cl)Cl
1300716,105-67-9,CC1=CC(=C(C=C1)O)C
1300716,95-65-8,CC1=C(C=C(C=C1)O)C
1300716,576-26-1,CC1=C(C(=CC=C1)C)O
1300716,526-75-0,CC1=C(C(=CC=C1)O)C
1300716,95-87-4,CC1=CC(=C(C=C1)C)O
1300716,108-68-9,CC1=CC(=CC(=C1)O)C
NA-35,13275-21-3,
NA-35,17081-64-0,
NA-35,39185-78-9,
NA-35,62108-56-9,
NA-35,64554-71-8,CCCCCCCCCC(Cl)(Cl)Cl
NA-35,64961-16-6,
NA-35,66651-36-3,
NA-35,87147-86-2,
NA-35,87147-87-3,
NA-35,87260-59-1,
NA-35,99175-28-7,
NA-35,108140-20-1,
NA-35,154120-66-8,
NA-35,159715-71-6,
NA-35,10311-15-6,C(CCCCC(Cl)(Cl)Cl)CCCCCl
NA-35,17977-23-0,CC(CC(C)CC(Cl)(Cl)Cl)CC(C)Cl
NA-35,29293-15-0,
NA-35,29293-20-7,
NA-35,29293-21-8,
NA-35,29293-22-9,
NA-35,31031-25-1,
NA-35,31031-26-2,
NA-35,31107-32-1,
NA-35,33025-70-6,C(CCCCC(Cl)Cl)CCCC(Cl)Cl
NA-35,51500-53-9,CC(CC(C)Cl)CC(CC(C)Cl)(Cl)Cl
NA-35,51755-60-3,CCCCCCCC(CC(Cl)(Cl)Cl)Cl
NA-35,91087-09-1,CCCCC(C(CCCC)(Cl)Cl)(Cl)Cl
NA-35,102880-00-2,C(CCCl)CC(C(CCCCCl)Cl)Cl
NA-35,108140-19-8,CCCCCC(CC(CCCl)(Cl)Cl)Cl
NA-35,109749-69-1,CC(C)(CCC(C)(C)Cl)CC(Cl)(Cl)Cl
NA-35,90943-97-8,C(CCCl)CC(C(CCCCCl)(Cl)Cl)(Cl)Cl
NA-35,99192-48-0,
NA-35,32534-78-4,C(CCC(C(C(C(C(Cl)Cl)Cl)Cl)Cl)Cl)CCCl
NA-35,69537-72-0,
NA-35,3922-25-6,CCCCCCCCCCC(Cl)(Cl)Cl
NA-35,56686-58-9,CCCCCCCCC(CC(Cl)Cl)Cl
NA-35,80365-36-2,CCCCCCC(CCCC(Cl)Cl)Cl
NA-35,80365-37-3,
NA-35,80365-38-4,
NA-35,80365-39-5,
NA-35,80365-40-8,
NA-35,86405-89-2,
NA-35,3922-34-7,C(CCCCCCl)CCCCC(Cl)(Cl)Cl
NA-35,39580-89-7,
NA-35,56686-55-6,CCCCCCCCC(CC(Cl)(Cl)Cl)Cl
NA-35,63981-28-2,CCCCCCCCCC(C(Cl)(Cl)Cl)Cl
NA-35,63988-32-9,CCCCCCCCCC(C(Cl)(Cl)Cl)Cl
NA-35,105278-95-3,
NA-35,140899-23-6,CC(CC(CC(CC(CC(C)Cl)Cl)Cl)Cl)Cl
NA-35,36312-81-9,C(CCC(C(C(C(C(C(Cl)Cl)Cl)Cl)Cl)Cl)Cl)CCCl
NA-35,18993-26-5,
NA-35,62108-57-0,
NA-35,10311-16-7,
NA-35,14983-60-9,CCCCCCCCCC(CC(Cl)(Cl)Cl)Cl
NA-35,60836-00-2,
NA-35,87562-53-6,
NA-35,87585-26-0,
NA-35,87585-27-1,
NA-35,87585-28-2,
NA-35,100525-30-2,C(CCCCCCl)CCCCC(C(Cl)(Cl)Cl)(Cl)Cl
NA-35,128600-85-1,CC(C)(CCC(C)(C)CC(Cl)(Cl)Cl)CC(Cl)(Cl)Cl
NA-35,136671-00-6,CC(CC(CC(CC(CC(CCCl)Cl)Cl)Cl)Cl)Cl
NA-35,3922-33-6,
NA-35,67095-50-5,CCCCCCCCCCC(CC(Cl)(Cl)Cl)Cl
NA-35,88938-19-6,CCCCC(CC(CCCC)Cl)CC(Cl)(Cl)Cl
NA-35,96621-01-1,CCCCCCCCCCCC(C(Cl)(Cl)Cl)Cl
NA-35,57437-54-4,CCCCCCCCCCCC(C(Cl)(Cl)Cl)(Cl)Cl
NA-35,141600-29-,
NA-34,111-54-6,C(CNC(=S)S)NC(=S)S
NA-34,1428-76-8,
NA-34,3566-10-7,C(CNC(=S)S)NC(=S)S.N.N
NA-34,5895-18-1,C(CNC(=S)[S-])NC(=S)[S-].[Ca+2]
NA-34,8018-01-7,C(CNC(=S)[S-])NC(=S)[S-].[Mn+2]
NA-34,10039-34-6,C(CSC(=N)[S-])SC(=N)[S-].[K+].[K+]
NA-34,13036-89-0,
NA-34,17188-79-3,
NA-34,22124-95-4,
NA-34,22221-14-3,C(CNC(=S)[S-])NC(=S)[S-].[NH4+].[K+]
NA-34,120834-78,
130498292,84-65-1,C1=CC=C2C(=C1)C(=O)C3=CC=CC=C3C2=O
130498292,50-32-8,C1=CC=C2C3=C4C(=CC2=C1)C=CC5=C4C(=CC=C5)C=C3
130498292,86-74-8,C1=CC=C2C(=C1)C3=CC=CC=C3N2
130498292,53-70-3,C1=CC=C2C(=C1)C=CC3=CC4=C(C=CC5=CC=CC=C54)C=C32
130498292,120-72-9,C1=CC=C2C(=C1)C=CN2
130498292,91-20-3,C1=CC=C2C=CC=CC2=C1
130498292,91-22-5,C1=CC=C2C(=C1)C=CC=N2
130498292,218-01-9,C1=CC=C2C(=C1)C=CC3=C2C=CC4=CC=CC=C43
130498292,243-17-4,C1C2=CC=CC=C2C3=CC4=CC=CC=C4C=C31
130498292,192-97-2,C1=CC=C2C(=C1)C3=CC=CC4=C3C5=C(C=CC=C25)C=C4
130498292,208-96-8,C1=CC2=C3C(=C1)C=CC3=CC=C2
130498292,120-12-7,C1=CC=C2C=C3C=CC=CC3=CC2=C1
130498292,56-55-3,C1=CC=C2C(=C1)C=CC3=CC4=CC=CC=C4C=C32
130498292,205-99-2,C1=CC=C2C3=C4C(=CC=C3)C5=CC=CC=C5C4=CC2=C1
130498292,191-24-2,C1=CC2=C3C(=C1)C4=CC=CC5=C4C6=C(C=C5)C=CC(=C36)C=C2
130498292,207-08-9,C1=CC=C2C=C3C4=CC=CC5=C4C(=CC=C5)C3=CC2=C1
130498292,206-44-0,C1=CC=C2C(=C1)C3=CC=CC4=C3C2=CC=C4
130498292,86-73-7,C1C2=CC=CC=C2C3=CC=CC=C31
130498292,193-39-5,C1=CC=C2C(=C1)C3=C4C2=CC5=CC=CC6=C5C4=C(C=C6)C=C3
130498292,85-01-8,C1=CC=C2C(=C1)C=CC3=CC=CC=C32
130498292,129-00-0,C1=CC2=C3C(=C1)C=CC4=CC=CC(=C43)C=C2
130498292,85-02-9,C1=CC=C2C(=C1)C=CC3=C2C=CC=N3
130498292,203-64-5,C1C2=CC=CC3=C2C4=C(C=CC=C41)C=C3
130498292,66-71-7,C1=CC2=C(C3=C(C=CC=N3)C=C2)N=C1
130498292,119-65-3,C1=CC=C2C=NC=CC2=C1
130498292,191-07-1,C1=CC2=C3C4=C1C=CC5=C4C6=C(C=C5)C=CC7=C6C3=C(C=C2)C=C7
130498292,132-65-0,C1=CC=C2C(=C1)C3=CC=CC=C3S2
130498292,198-55-0,C1=CC2=C3C(=C1)C4=CC=CC5=C4C(=CC=C5)C3=CC=C2
130498292,215-58-7,C1=CC=C2C=C3C4=CC=CC=C4C5=CC=CC=C5C3=CC2=C1
130498292,486-25-9,C1=CC=C2C(=C1)C3=CC=CC=C3C2=O
130498292,90-44-8,C1C2=CC=CC=C2C(=O)C3=CC=CC=C31
130498292,82-05-3,C1=CC=C2C(=C1)C3=CC=CC4=C3C(=CC=C4)C2=O
130498292,192-65-4,C1=CC=C2C3=C4C(=CC2=C1)C5=CC=CC=C5C6=CC=CC(=C64)C=C3
130498292,205-82-3,C1=CC=C2C(=C1)C=CC3=C2C4=CC=CC5=C4C3=CC=C5
130498292,84-11-7,C1=CC=C2C(=C1)C3=CC=CC=C3C(=O)C2=O
130498292,92-24-0,C1=CC=C2C=C3C=C4C=CC=CC4=CC3=CC2=C1
130498292,92-82-0,C1=CC=C2C(=C1)N=C3C=CC=CC3=N2
130498292,92-83-1,C1C2=CC=CC=C2OC3=CC=CC=C31
130498292,189-55-9,C1=CC=C2C3=C4C(=CC2=C1)C=CC5=CC6=CC=CC=C6C(=C54)C=C3
130498292,189-64-0,C1=CC=C2C3=C4C(=CC2=C1)C=CC5=C4C(=CC6=CC=CC=C56)C=C3
130498292,191-30-0,C1=CC=C2C(=C1)C=C3C=CC4=C5C3=C2C6=CC=CC=C6C5=CC=C4
130498292,194-59-2,C1=CC=C2C(=C1)C=CC3=C2C4=C(N3)C=CC5=CC=CC=C54
130498292,217-59-4,C1=CC=C2C(=C1)C3=CC=CC=C3C4=CC=CC=C24
130498292,224-42-0,C1=CC=C2C(=C1)C=CC3=NC4=C(C=C32)C5=CC=CC=C5C=C4
130498292,225-51-4,C1=CC=C2C(=C1)C=CC3=NC4=CC=CC=C4C=C32
130498292,226-36-8,C1=CC=C2C(=C1)C=CC3=C2C=C4C=CC5=CC=CC=C5C4=N3
130498292,259-79-0,C1=CC2=C3C=CC=CC3=C2C=C1
130498292,260-94-6,C1=CC=C2C(=C1)C=C3C=CC=CC3=N2
130498292,194-69-4,C1=CC=C2C(=C1)C=CC3=C2C=CC4=C3C5=CC=CC=C5C=C4
130498292,213-46-7,C1=CC=C2C(=C1)C=CC3=C2C=CC4=C3C5=CC=CC=C5C=C4
130498292,229-87-8,C1=CC=C2C(=C1)C=NC3=CC=CC=C23
130498292,230-17-1,C1=CC=C2C(=C1)C3=CC=CC=C3N=N2
130498292,224-41-9,C1=CC=C2C(=C1)C=CC3=CC4=C(C=C32)C5=CC=CC=C5C=C4
130498292,27208-37-3,C1=CC2=C3C(=C1)C=C4C=CC5=C4C3=C(C=C2)C=C5
130498292,201-06-9,C1=CC=C2C(=C1)C=C3C=CC4=C3C2=CC=C4
130498292,230-27-3,C1=CC=C2C(=C1)C=CC3=C2N=CC=C3
130498292,238-84-6,C1C2=CC=CC=C2C3=C1C4=CC=CC=C4C=C3
130498292,239-35-0,C1=CC=C2C(=C1)C=CC3=C2SC4=CC=CC=C34
130498292,30796-92-0,C1=CC2=C3C(=C1)SC4=CC=CC(=C43)C=C2
130498292,203-80-5,C1C=CC2=CC=CC3=C2C1=CC=C3
130498292,239-64-5,C1=CC=C2C(=C1)C=CC3=C2NC4=C3C=CC5=CC=CC=C54
130498292,191-26-4,C1=CC2=C3C(=C1)C=C4C=CC5=C6C4=C3C(=CC6=CC=C5)C=C2
130498292,203-12-3,C1=CC2=C3C(=C1)C4=CC=CC5=C4C3=C(C=C2)C=C5
130498292,195-19-7,C1=CC=C2C(=C1)C=CC3=C2C4=CC=CC=C4C=C3
130498292,196-78-1,C1=CC=C2C(=C1)C=CC3=C2C4=CC=CC=C4C5=CC=CC=C35
130498292,196-79-2,C1=CC=C2C(=C1)C=CC3=C2C4=C(C5=CC=CC=C35)N=CC=C4
130498292,207-84-1,C1=CC=C2C(=C1)C=CC3=C2C4=C(N3)C5=CC=CC=C5C=C4
130498292,214-17-5,C1=CC=C2C(=C1)C=CC3=C2C=CC4=CC5=CC=CC=C5C=C43
130498292,222-93-5,C1=CC=C2C=C3C(=CC2=C1)C=CC4=CC5=CC=CC=C5C=C43
130498292,224-53-3,C1=CC=C2C(=C1)C=CC3=C2N=C4C(=C3)C=CC5=CC=CC=C54
130498292,224-98-6,C1=CC=C2C=C3C(=CC2=C1)C=CC4=C3C=CC=N4
130498292,205-12-9,C1C2=C(C3=CC=CC=C31)C4=CC=CC=C4C=C2
127564925,422-56-0,C(C(C(F)(F)F)(F)F)(Cl)Cl
127564925,507-55-1,C(C(C(F)(F)Cl)(F)F)(F)Cl
25637994,3194-55-6,C1CC(C(CCC(C(CCC(C1Br)Br)Br)Br)Br)Br
25637994,25637-99-4,C1CC(C(CCC(C(CCC(C1Br)Br)Br)Br)Br)Br
9016459,20427-84-3,CCCCCCCCCC1=CC=C(C=C1)OCCOCCO
9016459,20636-48-0,CCCCCCCCCC1=CC=C(C=C1)OCCOCCOCCOCCOCCO
9016459,3151-30-2,CCCCCCCCC1=CC=C(C=C1)OCCOCCOCCOCCOCCOCCOCCOCCOCCOCCO
9016459,32742-88-4,CCCCCCCCC1=CC=C(C=C1)OCCOCCOCCOCCOCCOCCOCCO
9016459,51437-93-5,CCCCCCCCC1=CC=C(C=C1)OCCOCCOCCOCCOCCO
9016459,3520-90-9,CCCCCCCCC1=CC=C(C=C1)OCCOCCOCCOCCOCCOCCOCCOCCO
9016459,51437-90-2,CCCCCCCCC1=CC=C(C=C1)OCCOCCO
9016459,51437-94-6,CCCCCCCCC1=CC=C(C=C1)OCCOCCOCCOCCOCCOCCO
9016459,27288-52-4,CCCCCCCCC1=CC=CC=C1OCCOCCOCCOCCOCCOCCOCCOCCOCCO
9016459,27176-96-1,CCCCCCCCC1=CC=CC=C1OCCOCCOCCOCCO
9016459,42173-90-0,CCCCCCCCC1=CC=C(C=C1)OCCOCCOCCOCCOCCOCCOCCOCCOCCO
9016459,51437-91-3,CCCCCCCCC1=CC=C(C=C1)OCCOCCOCCO
9016459,51437-92-4,CCCCCCCCC1=CC=C(C=C1)OCCOCCOCCOCCO
9016459,104-35-8,CCCCCCCCCC1=CC=C(C=C1)OCCO
NA-32,2425-54-9,CCCCCCCCCCCCCCCl
NA-32,4860-03-1,CCCCCCCCCCCCCCCCCl
NA-32,4862-03-7,CCCCCCCCCCCCCCCCl
NA-32,62016-75-5,CCCCCCCCCCCCCCCCCCl
NA-32,7735-39-9,C(CCCCCCCCCl)CCCCCCCCl
NA-32,701920-83-4,CCCCCCCCCCCCC(CCl)Cl
NA-32,865306-25-8,CCCCCCCCCCCC(CC(Cl)(Cl)Cl)Cl
NA-32,221155-23-3,C(CCCCCC(CCl)Cl)CCCCC(CCl)Cl
NA-32,4168-40-5,CCCCCCCCCCCCCC(Cl)Cl
NA-32,63415-61-2,CCCCCCCCCCCCCCCC(Cl)Cl
NA-32,64881-25-0,CCCCCCCCCCCC(CC)Cl
NA-32,77900-43-7,CCCCCCCCC(CCCCCCCC)Cl
NA-32,159715-72-7,CCC(CC(CC(CC(CC(CC(CC)Cl)Cl)Cl)Cl)Cl)Cl
NA-32,55005-80-6,CCCCCCCCCCCCCCC(CC(Cl)(Cl)Cl)Cl
NA-32,96949-61-0,C(CCCCl)CCC(C(CCCCCCCl)(Cl)Cl)(Cl)Cl
NA-32,34942-43-3,CCCCCCCCCCCCC(C)Cl
NA-32,23010-35-7,CCCCCCCCCCCCCCC(C)Cl
NA-32,34214-79-4,CCCCCCCCCCCCCCCCCl
NA-32,34214-86-3,CCCCCCCCCCCCCCCCl
NA-32,56554-79-1,CCCCCCCCCC=CCCCCCCCl
NA-31,3386-33-2,CCCCCCCCCCCCCCCCCCCl
NA-31,71662-61-8,CCCCCCCCCCCCCCCCC(C)Cl
NA-31,95278-34-5,CCCCCCCCC(C(CCCCCCCC)(Cl)Cl)(Cl)Cl
NA-31,103385-13-3,CCCCCCCCCCCC(CCCCCC)Cl
NA-31,872803-49-1,CCCCCCCCC(C(CCCCCCCC)Cl)Cl
NA-31,858017-73-9,CCCCCCCCC(CCCCCCCCCCl)Cl
NA-31,137117-17-0,C(CCCCCCCCCCl)CCCCCCCCCl
NA-31,62017-20-3,CCCCCCCCCCCCCCCCCC(Cl)Cl
NA-31,103385-12-2,CCCCCCCCCCCCCCC(CCC)Cl
NA-31,194223-05-7,CCC(CCC(CC(CCC(CC(C(CCC(CC)Cl)Cl)Cl)Cl)Cl)Cl)Cl
NA-31,62017-21-4,CCCCCCCCCCCCCCCCCCC(Cl)Cl
NA-31,42217-02-7,CCCCCCCCCCCCCCCCCCCCCl
NA-31,118081-16-6,CCCCCCCCCCCCCCCCCCC(CCl)Cl
NA-31,62017-22-5,CCCCCCCCCCCCCCCCCCCC(Cl)Cl
NA-31,7735-40-2,C(CCCCCCCCCCCl)CCCCCCCCCCl
NA-31,63758-86-1,CCCCCCCCCCCCCCCCCCC(C)Cl
NA-31,102444-85-9,C(CCCCCCCCCCCl)CCCCCCCCCC(Cl)(Cl)Cl
NA-31,42217-03-8,CCCCCCCCCCCCCCCCCCCCCCCl
NA-31,71662-62-9,CCCCCCCCCCCCCCCCCCCCC(C)Cl
NA-31,1024212-71-2,CC(C(CCCC(CCCC(CCCC(CCCC(CCCCCl)Cl)Cl)Cl)Cl)Cl)Cl
NA-31,2307470-52-4,CCCC(CCCC(CCC(CCC(CCC(CCCC(CCC)Cl)Cl)Cl)Cl)Cl)Cl
NA-31,56134-53-3,CCCCCCCCCCCCCCCCCCCCCCCCCCCl
NA-31,861365-48-2,CCCCCCCCCCCCCC(C(CCCCCCCCCCCC)Cl)(Cl)Cl
NA-31,62016-79-9,CCCCCCCCCCCCCCCCCCCCCCCCCCCCl
85535848,2350-11-0,CCCCCCCCCCC(C)Cl
68920707,1001-89-4,CCCCCC(C)Cl
68920707,10575-88-9,CCCCC(C(C)Cl)Cl
68920707,13275-18-8,CC(CCC(C)Cl)Cl
68920707,13375-88-7,CN1CCC(=CC1)C2=CC=CC=C2Cl
68920707,138107-24-1,C(CCl)C(CC(CCCl)Cl)Cl
68920707,139029-86-0,C(C(CC(CCl)Cl)Cl)C(CCl)Cl
68920707,17655-66-2,C(CCCCl)CCC(Cl)Cl
68920707,2162-92-7,CCCCC(CCl)Cl
68920707,2163-00-0,C(CCCCl)CCCl
68920707,2346-81-8,CCCC(CC)Cl
68920707,25335-16-4,CCCC(CC(Cl)(Cl)Cl)Cl
68920707,26264-54-0,CCCC(C(C(Cl)(Cl)Cl)(Cl)Cl)Cl
68920707,3922-26-7,CCCCCCC(Cl)(Cl)Cl
68920707,3922-36-9,C(CCCCl)CCC(Cl)(Cl)Cl
68920707,54305-87-2,CCCC(C(C)Cl)Cl
68920707,544-10-5,CCCCCCCl
68920707,56375-88-3,CCCC(CCCl)Cl
68920707,56375-90-7,CCC(CCCCCl)Cl
68920707,56375-91-8,CC(CCCCCCl)Cl
68920707,56686-57-8,CCCCC(CC(Cl)Cl)Cl
68920707,58468-00-1,C(CCl)C(C(CCCl)(Cl)Cl)(Cl)Cl
68920707,59261-00-6,C(CCCl)CC(CC(Cl)(Cl)Cl)Cl
68920707,61700-00-3,CCC(CCCC(Cl)Cl)Cl
68920707,61700-01-4,CC(CCCCC(Cl)Cl)Cl
68920707,62021-33-4,C(CCl)C(CC(CCl)Cl)(Cl)Cl
68920707,629-06-1,CCCCCCCCl
68920707,63424-29-3,C(CCl)C(CC(CC(Cl)(Cl)Cl)(Cl)Cl)(Cl)Cl
68920707,63745-66-4,C(CCl)C(C(CC(Cl)(Cl)Cl)Cl)(Cl)Cl
68920707,638-28-8,CCCCC(C)Cl
68920707,71570-98-4,C(CCC(Cl)Cl)CCC(Cl)Cl
68920707,762-22-1,C(CC(CCCCl)Cl)CCl
68920707,821-25-0,CCCCCCC(Cl)Cl
68920707,821-76-1,C(CCCCl)CCCCl
68920707,82639-77-8,C(CC(CC(Cl)(Cl)Cl)Cl)CCl
68920707,83682-28-4,CC(C(C(C(C)(Cl)Cl)Cl)Cl)(Cl)Cl
68920707,83682-29-5,C(CC(CCl)(Cl)Cl)C(CCl)(Cl)Cl
68920707,86525-67-9,CCCC(CC)(Cl)Cl
68920707,88878-72-2,C(CCCl)CC(CCl)Cl
68920707,89796-76-9,CCCC(CCC)(Cl)Cl
68920707,998-95-8,CCCC(CCC)Cl
68920707,2473-01-0,CCCCCCCCCCl
68920707,1561-48-4,C(CCCCCl)CCCC(Cl)(Cl)Cl
68920707,10575-86-7,CCCCCCC(CC(Cl)Cl)Cl
68920707,1070-27-5,CCCCCCC(CC(Cl)(Cl)Cl)Cl
68920707,75296-43-4,CCCCCCC(CCCl)(Cl)Cl
68920707,66250-04-2,CCCCCCCC(C)(Cl)Cl
68920707,90279-03-1,CCCCCC(CC(C)(Cl)Cl)Cl
68920707,56375-96-3,CCCCCCCC(CCl)Cl
68920707,1854-75-7,CCCCCCC(CCCl)Cl
68920707,127430-56-2,CC(CC(CC(CC(C)Cl)Cl)Cl)Cl
68920707,62619-29-8,C(CCl)C(CC(CC(CCCl)(Cl)Cl)Cl)(Cl)Cl
68920707,13389-26-9,C(CC(CC(Cl)(Cl)Cl)Cl)CC(CC(Cl)(Cl)Cl)Cl
68920707,865306-21-4,C(CCC(CCl)Cl)CC(CC(Cl)(Cl)Cl)Cl
68920707,865306-20-3,C(CCC(CCl)Cl)CCC(CCl)Cl
68920707,927-29-7,C(CCC(CCCCl)Cl)CCCl
68920707,2216-36-6,CCCCCCCC(C)Cl
68920707,28123-70-8,CCCCC(CCCC)Cl
68920707,34314-35-7,CCCCCCC(CC)Cl
68920707,111-85-3,CCCCCCCCCl
68920707,2162-99-4,C(CCCCCl)CCCCl
68920707,20395-24-8,CCCCCCCC(Cl)Cl
68920707,21948-47-0,CCCCCC(C(C)Cl)Cl
68920707,61856-19-7,C(CC(CC(Cl)(Cl)Cl)Cl)C(CC(Cl)(Cl)Cl)Cl
68920707,18088-13-6,CCCCCC(CC(Cl)(Cl)Cl)Cl
68920707,56375-93-0,CCCC(CCCCCl)Cl
68920707,56375-92-9,CCCCC(CCCCl)Cl
68920707,56375-95-2,CC(CCCCCCCl)Cl
68920707,865306-19-0,C(CCC(CCl)Cl)CC(CCl)Cl
68920707,56375-94-1,CCC(CCCCCCl)Cl
68920707,628-61-5,CCCCCCC(C)Cl
68920707,999-07-5,CCCCC(CCC)Cl
68920707,1117-79-9,CCCCCC(CC)Cl
68920707,85269-46-1,CCCCCC(C(CCl)Cl)Cl
68920707,1379331-17-5,C(CC(CC(Cl)(Cl)Cl)Cl)CC(CCl)Cl
68920707,21948-46-9,CCCCCCC(CCl)Cl
68920707,2350-11-0,CCCCCCCCCCC(C)Cl
68920707,112-52-7,CCCCCCCCCCCCCl
68920707,1002-69-3,CCCCCCCCCCCl
68920707,822-13-9,CCCCCCCCCCCCCCl
68920707,2162-98-3,C(CCCCCCl)CCCCCl
68920707,2473-03-2,CCCCCCCCCCCCl
68920707,2425-54-9,CCCCCCCCCCCCCCCl
68920707,4860-03-1,CCCCCCCCCCCCCCCCCl
68920707,4862-03-7,CCCCCCCCCCCCCCCCl
68920707,62016-75-5,CCCCCCCCCCCCCCCCCCl
68920707,7735-39-9,C(CCCCCCCCCl)CCCCCCCCl
68920707,701920-83-4,CCCCCCCCCCCCC(CCl)Cl
68920707,865306-25-8,CCCCCCCCCCCC(CC(Cl)(Cl)Cl)Cl
68920707,221155-23-3,C(CCCCCC(CCl)Cl)CCCCC(CCl)Cl
68920707,4168-40-5,CCCCCCCCCCCCCC(Cl)Cl
68920707,63415-61-2,CCCCCCCCCCCCCCCC(Cl)Cl
68920707,64881-25-0,CCCCCCCCCCCC(CC)Cl
68920707,77900-43-7,CCCCCCCCC(CCCCCCCC)Cl
68920707,159715-72-7,CCC(CC(CC(CC(CC(CC(CC)Cl)Cl)Cl)Cl)Cl)Cl
68920707,55005-80-6,CCCCCCCCCCCCCCC(CC(Cl)(Cl)Cl)Cl
68920707,96949-61-0,C(CCCCl)CCC(C(CCCCCCCl)(Cl)Cl)(Cl)Cl
68920707,34942-43-3,CCCCCCCCCCCCC(C)Cl
68920707,23010-35-7,CCCCCCCCCCCCCCC(C)Cl
68920707,34214-79-4,CCCCCCCCCCCCCCCCCl
68920707,34214-86-3,CCCCCCCCCCCCCCCCl
68920707,56554-79-1,CCCCCCCCCC=CCCCCCCCl
68920707,95278-34-5,CCCCCCCCC(C(CCCCCCCC)(Cl)Cl)(Cl)Cl
68920707,872803-49-1,CCCCCCCCC(C(CCCCCCCC)Cl)Cl
68920707,858017-73-9,CCCCCCCCC(CCCCCCCCCCl)Cl
68920707,137117-17-0,C(CCCCCCCCCCl)CCCCCCCCCl
68920707,62017-20-3,CCCCCCCCCCCCCCCCCC(Cl)Cl
68920707,3386-33-2,CCCCCCCCCCCCCCCCCCCl
68920707,71662-61-8,CCCCCCCCCCCCCCCCC(C)Cl
68920707,103385-13-3,CCCCCCCCCCCC(CCCCCC)Cl
68920707,103385-12-2,CCCCCCCCCCCCCCC(CCC)Cl
9016879,101-68-8,C1=CC(=CC=C1CC2=CC=C(C=C2)N=C=O)N=C=O
